Timecode,BlendShapeCount,EyeBlinkLeft,EyeLookDownLeft,EyeLookInLeft,EyeLookOutLeft,EyeLookUpLeft,EyeSquintLeft,EyeWideLeft,EyeBlinkRight,EyeLookDownRight,EyeLookInRight,EyeLookOutRight,EyeLookUpRight,EyeSquintRight,EyeWideRight,JawForward,JawRight,JawLeft,JawOpen,MouthClose,MouthFunnel,MouthPucker,MouthRight,MouthLeft,MouthSmileLeft,MouthSmileRight,MouthFrownLeft,MouthFrownRight,MouthDimpleLeft,MouthDimpleRight,MouthStretchLeft,MouthStretchRight,MouthRollLower,MouthRollUpper,MouthShrugLower,MouthShrugUpper,MouthPressLeft,MouthPressRight,MouthLowerDownLeft,MouthLowerDownRight,MouthUpperUpLeft,MouthUpperUpRight,BrowDownLeft,BrowDownRight,BrowInnerUp,BrowOuterUpLeft,BrowOuterUpRight,CheekPuff,CheekSquintLeft,CheekSquintRight,NoseSneerLeft,NoseSneerRight,TongueOut,HeadYaw,HeadPitch,HeadRoll,LeftEyeYaw,LeftEyePitch,LeftEyeRoll,RightEyeYaw,RightEyePitch,RightEyeRoll
00:00:00:01.001,51,0.0,0.08057713,0.0831602,0.05502881,0.13510397,0.3112812865654106,0.0,0.0,0.07415815,0.04452582,0.08358386,0.1584176,0.413209097092624,0.0,0.00128085,9.133e-05,0.00305772,0.0486640827504461,0.00184331,0.06240667,0.02761588,0.00043716,0.00033728,0.17772708651324143,0.18283463193513558,0.00482309999951769,0.00635249999936475,0.0017256086601998401,0.00088545989711556,0.0,0.0,0.00134822,0.00141131,0.0006411769231082,0.02454564,0.00677665,0.00785985,0.10358024,0.12098613,0.29009601,0.28279594,5.59e-06,0.03369414,0.10912821,0.05643429,0.02786103,0.00019315,5.108108109e-06,9.3648648665e-07,2.1e-06,5.59e-06,0,0.0455848952041533,0.0703317754377996,-0.0269225077808081,0.4038303792476654,0.5481905341148376,0,0.4038303792476654,0.5481905341148376,0
00:00:00:02.002,51,0.0,0.06669529,0.05897699,0.0688301,0.17698681,0.319890146888144,0.0,0.0,0.06389609,0.06194678,0.06598779,0.19745091,0.4327591068846618,0.0,0.0016914,0.00030348,0.00445492,0.0968858291370452,0.00160058,0.04807173,0.02552607,0.00044953,0.00033202,0.5373906273712206,0.6244145466518628,0.00285193333304814,0.0033545999996645406,0.0033135961863466805,0.0021667376293758004,0.0,0.0,0.00126755,0.00157213,0.0006774619231099699,0.02202806,0.00697566,0.01086795,0.30297008,0.34251621,0.23138547,0.25584573,6.73e-06,0.01860469,0.11856071,0.11765168,0.05095247,0.00046695,5.159189190089999e-06,1.32810810834e-06,2.67e-06,6.73e-06,0,0.0654628767922982,0.0720387236160338,-0.0234991504969467,0.403872013092041,0.5493972301483154,0,0.403872013092041,0.5493972301483154,0
00:00:00:03.003,51,0.0,0.06416392,0.05009617,0.07784041,0.18551214,0.30189242891149437,0.0,0.0,0.0605845,0.06824919,0.06296826,0.20512228,0.4315957768131565,0.0,0.00175464,0.00032169,0.00421239,0.09377615677192805,0.0015334,0.05320286,0.02960608,0.00038773,0.0004119,0.5680407655652363,0.6425078811104289,0.00255463333307787,0.0029340666663732603,0.0032450353615882804,0.0020144684540822403,0.0,0.0,0.00123779,0.00155148,0.0006616453846476601,0.0227968,0.00699905,0.01041245,0.3101151,0.35663855,0.23560721,0.26134464,6.63e-06,0.01571463,0.1243689,0.14636295,0.05981588,0.00047907,5.21027027118e-06,1.32810810834e-06,2.7e-06,6.63e-06,0,0.0646295663722969,0.0702964123749734,-0.0235634994290984,0.4036272764205932,0.5493389368057251,0,0.4036272764205932,0.5493389368057251,0
00:00:00:04.004,51,0.0,0.0560544,0.05497961,0.07188822,0.21327619,0.3406263951146829,0.0,0.0,0.04953698,0.0634749,0.06336308,0.23010011,0.5069675739876205,0.0,0.00145322,0.00068482,0.00245914,0.12243833514921305,0.00160578,0.04249886,0.02591317,0.00033374,0.00040843,0.6845988299073189,0.6909087399075752,0.0032872999996712703,0.00363846666630282,0.004404291650520841,0.0027462238150791603,0.0,0.0,0.00118968,0.0012158,0.00080699038465475,0.02135719,0.00768042,0.01004175,0.2858398,0.3228313,0.24210338,0.26180238,6.35e-06,0.01916206,0.11035325,0.11105659,0.04914775,0.00051121,5.65297297396e-06,1.0216216217999998e-06,2.31e-06,6.35e-06,0,0.0742432404604043,0.0628499744406569,-0.0235318351371984,0.4037952125072479,0.5480334162712097,0,0.4037952125072479,0.5480334162712097,0
00:00:00:05.005,51,0.0,0.05333084,0.07110925,0.05346002,0.22246511,0.31189647339832577,0.0,0.0,0.04491124,0.05323926,0.07800928,0.24107888,0.5084457439168666,0.0,0.00141466,0.00063728,0.00300909,0.1264754782420446,0.001834,0.03809493,0.02600237,0.00031232,0.00043463,0.8166454140090669,0.8113564624425871,0.00274959999972504,0.00316329999968367,0.00442287247526748,0.0022345097943402,0.0,0.0,0.00129049,0.00157114,0.00089860961542845,0.01983098,0.00746865,0.00932913,0.26272175,0.30852616,0.25617525,0.25830412,6.14e-06,0.0175049,0.10614321,0.10722293,0.04859856,0.00049936,5.5678378388099995e-06,1.08972972992e-06,2.09e-06,6.14e-06,0,0.0734629979872839,0.0690124282183158,-0.0261625422594695,0.4042654037475586,0.5469678640365601,0,0.4042654037475586,0.5469678640365601,0
00:00:00:06.006,51,0.0,0.05522142,0.06028588,0.06790452,0.211356,0.3661957954778278,0.0,0.0,0.0501097,0.05882274,0.06743906,0.22785753,0.47949754817909507,0.0,0.00146529,0.00038837,0.00374733,0.11873411842017643,0.00199084,0.04018206,0.02041731,0.00028514,0.00042224,0.5395729601423934,0.5627534517095999,0.00730056666593661,0.00853439999914656,0.0035673921657878404,0.00208780855719228,0.0,0.0,0.00147149,0.00136917,0.0009758000000475999,0.02653803,0.00849558,0.01141991,0.21847504,0.25098062,0.2441019,0.26547489,7.8e-06,0.02005654,0.1172181,0.08871812,0.04352531,0.00048067,7.117297298539999e-06,1.2259459461599999e-06,2.45e-06,7.8e-06,0,0.0761447839677731,0.0673386952092285,-0.0266195739464577,0.4041430652141571,0.5466260313987732,0,0.4041430652141571,0.5466260313987732,0
00:00:00:07.007,51,0.0,0.06162464,0.10849708,0.04425371,0.17743427,0.3431460748307021,0.0,0.0,0.05659095,0.03247902,0.11524796,0.1983245,0.4251785686262778,0.0,0.00169357,0.00021822,0.00359273,0.08409231985822578,0.00215382,0.03983993,0.02006352,0.00040666,0.000318,0.54842841869697,0.5908381514697765,0.00608786666605788,0.0066951666659971504,0.0023155472170396803,0.0019864079386117204,0.0,0.0,0.00203638,0.00180153,0.00100823730774149,0.02226997,0.00858938,0.01457534,0.24396904,0.26188156,0.34018448,0.37479734,6.68e-06,0.02414048,0.12702738,0.06211964,0.03530756,0.00041744,7.18540540666e-06,1.20891891913e-06,1.99e-06,6.68e-06,0,0.0645168273915431,0.069777285209482,-0.0280470933165399,0.4038151204586029,0.5461987257003784,0,0.4038151204586029,0.5461987257003784,0
00:00:00:08.008,51,0.0,0.08424673,0.12204184,0.04282868,0.12815708,0.3436790525888608,0.0,0.0,0.07998172,0.0291552,0.12521961,0.14753971,0.3854575650562605,0.0,0.0016776,7.849e-05,0.00388252,0.04220438347464278,0.00147062,0.04516382,0.02044849,0.00016526,0.00073162,0.26149870193833,0.2904276772407096,0.007179666665948699,0.00823413333250992,0.0012327225776096401,0.0011363220621230402,0.0,0.0,0.00171463,0.00155681,0.00080524000003928,0.02689529,0.00761335,0.01577935,0.1780425,0.18541598,0.31615126,0.34028605,6.33e-06,0.03358359,0.10069946,0.04817562,0.03103353,0.0002748,5.26135135227e-06,9.3648648665e-07,2.14e-06,6.33e-06,0,0.0570032581482721,0.0728813338524599,-0.0276777496563042,0.403548926115036,0.5463069081306458,0,0.403548926115036,0.5463069081306458,0
00:00:00:09.009,51,0.0,0.09535541,0.0986504,0.04963504,0.11114939,0.3035906984849312,0.0,0.0,0.0968896,0.0357761,0.1074354,0.1203789,0.2934739217916621,0.0,0.00176315,7.424e-05,0.00331331,0.029982265105186357,0.00095663,0.05557078,0.02947356,0.0001345,0.00099558,0.1884163777184948,0.19997503229727742,0.0058449999994155,0.007394933332593841,0.00149412649519692,0.00083483845380468,0.0,0.0,0.00148906,0.00122862,0.0007795834615764901,0.03273972,0.00685873,0.0113856,0.19877435,0.2203466,0.35126758,0.33753008,5.81e-06,0.02082619,0.1355643,0.06708886,0.04871709,0.00026262,4.35891891968e-06,9.875675677399998e-07,2.81e-06,5.81e-06,0,0.048333409939307,0.0751701919395722,-0.0286980922717704,0.4039913415908813,0.5490397214889526,0,0.4039913415908813,0.5490397214889526,0
00:00:00:10.010,51,0.0,0.07762007,0.14344689,0.03569495,0.12914827,0.32306018870399233,0.0,0.0,0.0768706,0.02354992,0.13449188,0.14462316,0.34015051611098884,0.0,0.00137377,6.4e-05,0.0033951,0.0290098772865415,0.00095451,0.03747281,0.01892836,0.00012164,0.00103628,0.11395049639016959,0.12324804193271584,0.00640536666602613,0.00821039999917896,0.0013693710312500402,0.00079690391771328,0.0,0.0,0.00181664,0.00133644,0.00100222923081812,0.03250042,0.00837428,0.01496778,0.17842896,0.19697489,0.34568223,0.32722691,5.82e-06,0.03374809,0.11419167,0.06387448,0.04032478,0.00023259,3.98432432502e-06,8.6837837853e-07,2.58e-06,5.82e-06,0,0.0540211858094435,0.0803187077558774,-0.029329322274682,0.40337935090065,0.5485146045684814,0,0.40337935090065,0.5485146045684814,0
00:00:00:11.011,51,0.0,0.09847002,0.08619279,0.05132848,0.1065976,0.37483181594291776,0.0,0.0,0.0949196,0.03860097,0.08783427,0.11619068,0.38480791558988353,0.0,0.00057211,6.727e-05,0.00219517,0.01548705328010206,0.00083447,0.02849391,0.02039031,0.00020553,0.00085938,0.02023871192853272,0.024538676025092878,0.0064401999993559805,0.011080233332225312,0.0012561825776151601,0.0005179023712558801,0.0,0.0,0.00142565,0.00106846,0.00181372961547309,0.05674142,0.00736763,0.01449393,0.04964508,0.04564024,0.14104648,0.12920365,5.31e-06,0.03192773,0.08563957,0.08419362,0.04762286,8.824e-05,3.13297297352e-06,5.6189189199e-07,3.06e-06,5.31e-06,0,0.0593096905506522,0.0834829867766237,-0.0309031690903834,0.4043370485305786,0.5489464402198792,0,0.4043370485305786,0.5489464402198792,0
00:00:00:12.012,51,0.0,0.0827535,0.05442894,0.07921357,0.12882175,0.24140907391208385,0.0,0.0,0.08788861,0.06165554,0.07077307,0.13924159,0.3122578826510976,0.0,9.577e-05,1.506e-05,0.00051669,0.00030137290923442,0.0001515,0.0076783,0.35500354,0.00063167,0.00132608,0.0027846543374624795,0.0019210585542948798,0.012201733332113161,0.013286566665338012,0.0007128748455285601,0.00030744587636100004,0.0,0.0,0.00087833,9.03e-05,0.01093488923130264,0.02771973,0.00396484,0.00331019,0.00082755,0.00058429,0.00221413,0.00245667,5.8e-07,0.01214143,0.18034089,0.15684146,0.08798818,9.41e-06,6.9810810823e-07,1.5324324326999998e-07,3.7e-06,5.8e-07,0,0.031561669629168,0.0732285975216512,-0.0299250581064894,0.4042857587337494,0.5493897199630737,0,0.4042857587337494,0.5493897199630737,0
00:00:00:13.013,51,0.0,0.09093004,0.0640139,0.07059374,0.11620796,0.2686956566600589,0.0,0.0,0.09637781,0.05217616,0.08189765,0.12570892,0.3508963399574618,0.0,5.747e-05,2.31e-05,0.00058372,0.00038421218200114006,0.00024215,0.00984069,0.61933088,0.00073329,0.00219038,0.0009175453012420799,0.0006926567470160799,0.00301496666636517,0.00306969999969303,0.0007413349486280401,0.0004809247423812,0.0,0.0,0.0012294,0.00015333,0.01381665307759706,0.0214946,0.00245072,0.00312876,0.00052549,0.0003227,0.00091798,0.00115642,3.3e-07,0.01153122,0.20194624,0.16289616,0.08296616,6.86e-06,5.4486486496e-07,1.1918918921e-07,2.44e-06,3.3e-07,0,0.0312267437674024,0.0716705999031489,-0.0294176695164381,0.4038149118423462,0.5482347011566162,0,0.4038149118423462,0.5482347011566162,0
00:00:00:14.014,51,0.0,0.07880504,0.06396401,0.07312856,0.13009433,0.347511299031232,0.0,0.0,0.08474687,0.04899849,0.0870198,0.13766454,0.406324505453655,0.0,4.935e-05,3.703e-05,0.00078535,0.0009567065459101199,0.00078302,0.00823912,0.59796137,0.0015277,0.00146352,0.00041918277110136,0.00038362783134087997,0.00074423333325891,0.0007719999999228,0.0008499176290659601,0.00091510298990604,0.0,0.0,0.00260561,0.00049022,0.01071057192359939,0.01080444,0.00246663,0.00424252,0.00058509,0.0003458,0.00032479,0.00046547,2.8e-07,0.01425917,0.16166556,0.13690989,0.07142217,7.96e-06,4.4270270278e-07,1.0216216217999998e-07,1.42e-06,2.8e-07,0,0.043112422226664,0.0745413909732782,-0.0280692160468743,0.4033754169940948,0.5469732880592346,0,0.4033754169940948,0.5469732880592346,0
00:00:00:15.015,51,0.0,0.07662795,0.06456757,0.07608902,0.13789168,0.4009994120357703,0.0,0.0,0.08628902,0.04802006,0.08454832,0.14793752,0.40478576168097535,0.0,0.00015809,6.078e-05,0.00132246,0.0038955496382186605,0.00131787,0.11967876,0.58567691,0.00057765,0.00204577,0.0011352184337810399,0.0009751262650998399,0.00024419999997558,0.00039513333329382,0.0016943987632852802,0.0005989713403471201,0.0,0.0,0.0010306,0.00097426,0.0007850238461921399,0.00565565,0.001677,0.00200207,0.00328205,0.00247469,0.00118137,0.00097568,6.2e-07,0.01896677,0.1340085,0.10413653,0.06654915,1.41e-05,6.300000001099999e-07,1.702702703e-07,1.44e-06,6.2e-07,0,0.0394234550587241,0.0712764984137915,-0.0258392859571766,0.4022949934005737,0.5465938448905945,0,0.4022949934005737,0.5465938448905945,0
00:00:00:16.016,51,0.0,0.09956448,0.07077426,0.06159808,0.10288366,0.31936855525098495,0.0,0.0,0.09914877,0.05006294,0.07032354,0.11401466,0.3892540356979098,0.0,0.00059816,0.00024284,0.00454158,0.10155355641199519,0.00630645,0.10000038,0.04245647,0.00037249,0.00108043,0.01020073120523352,0.012351069277609998,9.896666665677e-05,0.00017579999998242,0.00688697690883696,0.0023660792789072403,0.0,0.0,0.00194279,0.00368423,0.00022996269231891,0.00700969,0.00765485,0.01066395,0.0631516,0.06936106,0.00975252,0.00743851,2.24e-06,0.01387206,0.14204043,0.12551829,0.06487086,0.00011307,1.41324324349e-06,4.4270270278e-07,1.1e-06,2.24e-06,0,0.0440186373133314,0.0737156171192393,-0.0307353188136191,0.4023812115192413,0.547667384147644,0,0.4023812115192413,0.547667384147644,0
00:00:00:17.017,51,0.0,0.06214579,0.07896253,0.05925501,0.16460647,0.3498518595301184,0.0,0.0,0.06339391,0.03976984,0.09505745,0.16751438,0.41689727147089733,0.0,0.00046101,0.00014962,0.00407906,0.057751378391137025,0.0030731,0.12466688,0.05474365,0.00057932,0.0005561,0.00947114289195088,0.01227715867519736,0.0008635333332469799,0.00137503333319583,0.0021777315469041604,0.00127107773225784,0.0,0.0,0.00182393,0.00186487,0.0005765546154127399,0.02397425,0.00442705,0.0073267,0.03970173,0.03676479,0.02226426,0.02409564,3.48e-06,0.01881678,0.13293792,0.10247437,0.06541578,8.381e-05,2.70729729777e-06,4.0864864871999994e-07,1.36e-06,3.48e-06,0,0.0356316047779756,0.0763761346982541,-0.0240857856055612,0.4012572467327118,0.5475683212280273,0,0.4012572467327118,0.5475683212280273,0
00:00:00:18.018,51,0.0,0.09134316,0.09583651,0.05235629,0.11463296,0.35586671006563714,0.0,0.0,0.09659046,0.03027529,0.11457582,0.11996519,0.40870565403084474,0.0,0.00021806,0.00013007,0.00283113,0.02008627473683762,0.00182824,0.14527604,0.23612963,0.00073172,0.00105286,0.0017488140964565598,0.00174124265067312,0.00023253333331008,0.00039753333329358006,0.0024113168046910804,0.00077098329915048,0.0,0.0,0.00147661,0.00260178,0.00058540115387471,0.013791,0.00267098,0.00293803,0.01171125,0.01106519,0.00582777,0.0057042,1.58e-06,0.02315897,0.11713783,0.11633198,0.0680268,3.185e-05,1.14081081101e-06,3.0648648653999997e-07,1.35e-06,1.58e-06,0,0.0492265579099895,0.078851127078671,-0.0228744919183483,0.4005375206470489,0.5474183559417725,0,0.4005375206470489,0.5474183559417725,0
00:00:00:19.019,51,0.0,0.14727122,0.10216347,0.04988852,0.07542668,0.3586339218101965,0.0,0.0,0.15170258,0.0337999,0.09922259,0.08443225,0.3905932741324544,0.0,0.0001589,6.906e-05,0.00125461,0.00331623981976098,0.00067105,0.12898491,0.58931071,0.00054365,0.00158427,0.00122431939764008,0.0007249600000294399,0.00065493333326784,0.00110993333322234,0.0022361712376395603,0.00027309185573436005,0.0,0.0,0.00095807,0.00086486,0.0009020157692747699,0.00936934,0.00192144,0.00103841,0.00366047,0.00350848,0.00281698,0.00185405,9e-07,0.01912206,0.17206034,0.10057367,0.06019961,1.361e-05,9.0243243259e-07,2.5540540544999995e-07,2.07e-06,9e-07,0,0.0624690131219681,0.0717975409820486,-0.0240250585043345,0.401690661907196,0.5472539067268372,0,0.401690661907196,0.5472539067268372,0
00:00:00:20.020,51,0.0,0.10888723,0.08978967,0.06079912,0.10619804,0.3197664209094611,0.0,0.0,0.11103724,0.03332387,0.11051336,0.12155725,0.39555104103777916,0.0,0.00013806,4.842e-05,0.00095582,0.00167214218261444,0.00046856,0.16129553,0.77750719,0.00085289,0.00169904,0.0012064469880008,0.00049501590363456,0.00043719999995628004,0.00064156666660251,0.0042067060834640405,0.00026478989696952,0.0,0.0,0.00092829,0.00061172,0.00110208000005376,0.00593975,0.0018745,0.00050142,0.00209186,0.00246858,0.00226072,0.00139065,5.7e-07,0.01943533,0.18421249,0.16891643,0.06694757,1.023e-05,7.1513513526e-07,2.7243243248e-07,1.91e-06,5.7e-07,0,0.0667136487346292,0.0661156723993214,-0.0232354235244426,0.4014267027378082,0.5467166304588318,0,0.4014267027378082,0.5467166304588318,0
00:00:00:21.021,51,0.0,0.09281642,0.08641565,0.0553738,0.11751222,0.30021738798575104,0.0,0.0,0.09303034,0.03753263,0.09679511,0.13821217,0.41405475278681475,0.0,0.00022901,0.0001155,0.00131322,0.00937557218628274,0.00083464,0.14462857,0.4332954,0.00032904,0.00167557,0.0021947698796071996,0.0009597460241353599,0.00144383333318895,0.00215473333311786,0.0036511373204467204,0.00026590979387700005,0.0,0.0,0.00161831,0.00078125,0.00121252769236684,0.01357929,0.00353866,0.0010045,0.00801582,0.01052104,0.01200059,0.00684548,1.26e-06,0.01231233,0.17917037,0.18139976,0.08423746,2.78e-05,1.75378378409e-06,3.405405406e-07,1.92e-06,1.26e-06,0,0.0754391679112365,0.068171796256189,-0.0240312229557252,0.4019335210323334,0.5462623238563538,0,0.4019335210323334,0.5462623238563538,0
00:00:00:22.022,51,0.0,0.07834967,0.08244287,0.05480328,0.12969887,0.3191399440409555,0.0,0.0,0.07820524,0.0383674,0.09318044,0.13949668,0.42860831328917504,0.0,0.00048456,0.00040084,0.00189455,0.07198280348882298,0.00273793,0.09476354,0.06969766,0.00028867,0.00155825,0.0065028987954447994,0.00566833084360368,0.00018153333331518,0.00029439999997056,0.008330208558661081,0.0013910802065128802,0.0,0.0,0.00259975,0.00234629,0.00065287769233954,0.01747112,0.00848167,0.00641399,0.05837066,0.08149353,0.04449227,0.03319291,2.09e-06,0.01741658,0.13600826,0.13166499,0.0585724,0.0001071,1.8729729733e-06,3.9162162169e-07,1.31e-06,2.09e-06,0,0.0766987712400855,0.0721609810420844,-0.0263989135917225,0.4015034139156341,0.5458815097808838,0,0.4015034139156341,0.5458815097808838,0
00:00:00:23.023,51,0.0,0.08194448,0.08886448,0.05201408,0.1287016,0.3742690276865299,0.0,0.0,0.08076029,0.0376781,0.09630121,0.14548115,0.4309667056386003,0.0,0.00098214,0.0003005,0.00180403,0.07271674967099066,0.00213516,0.08827732,0.03511494,0.00035118,0.00061936,0.04118887867637144,0.04185509470049488,0.00098836666656783,0.00174819999982518,0.007847128146176281,0.0013082867013387602,0.0,0.0,0.00147537,0.00116278,0.0006043873077217901,0.02152261,0.00877409,0.00727501,0.09593936,0.14755353,0.1941012,0.15032719,4.24e-06,0.01128038,0.19233197,0.1099832,0.06462106,0.00017183,3.93324324393e-06,6.6405405417e-07,2.1e-06,4.24e-06,0,0.0615466469809381,0.07096807915467,-0.0272044558807813,0.4009487926959991,0.5451554656028748,0,0.4009487926959991,0.5451554656028748,0
00:00:00:24.024,51,0.0,0.06396741,0.13580604,0.03794663,0.16576655,0.3820664547350112,0.0,0.0,0.07130325,0.02148032,0.14818934,0.16467024,0.48863576704290435,0.0,0.00089051,0.00054978,0.00201635,0.11118314841658071,0.00197333,0.0652614,0.02669188,0.00024541,0.00073189,0.0893896994012204,0.09368731373874431,0.00106346666656032,0.0015044666665162201,0.0068772711356388004,0.00197240134067028,0.0,0.0,0.00132609,0.00112745,0.00063332384618474,0.02191829,0.00972322,0.01076049,0.16781685,0.22855146,0.18376592,0.15202169,5.09e-06,0.02312144,0.10134306,0.12537128,0.06278424,0.00028647,3.32027027085e-06,5.2783783793e-07,1.96e-06,5.09e-06,0,0.0962232411117544,0.0747933920479817,-0.0302234403044083,0.3998953998088836,0.5457164645195007,0,0.3998953998088836,0.5457164645195007,0
00:00:00:25.025,51,0.0,0.07909812,0.10456953,0.04874491,0.15784238,0.37158292804163773,0.0,0.0,0.07503029,0.03452115,0.10593828,0.16886297,0.49990935601408254,0.0,0.00099874,0.00059523,0.00253684,0.12866578969763307,0.00164256,0.12821455,0.06048483,0.00016393,0.00079398,0.09476706361830624,0.10296520675116927,0.00371246666629542,0.006301633332703171,0.00580694938280964,0.00120854752605756,0.0,0.0,0.0009987,0.00065813,0.00050172961540909,0.02586509,0.00456667,0.0047362,0.127644,0.18795486,0.15002185,0.12027942,7.16e-06,0.02276281,0.10898633,0.10648299,0.06326244,0.00024265,5.73810810911e-06,8.0027027041e-07,2.46e-06,7.16e-06,0,0.091734680458162,0.0748132857653901,-0.0275893523348369,0.4006851315498352,0.5446151494979858,0,0.4006851315498352,0.5446151494979858,0
00:00:00:26.026,51,0.0,0.08182269,0.07909674,0.06192051,0.15477797,0.30960106503468354,0.0,0.0,0.07689304,0.04856224,0.08057636,0.16794731,0.4876820152632736,0.0,0.00090246,0.00137667,0.00166392,0.17065752335399276,0.00227172,0.14051282,0.04655624,0.00025985,0.00054775,0.11357235132991328,0.15525814470510008,0.00238686666642798,0.0039033666662763307,0.007298468042954401,0.00279183989756412,0.0,0.0,0.00083493,0.00076912,0.00032560307693895997,0.01721963,0.00406106,0.00553651,0.10431303,0.13931069,0.05641527,0.05502912,5.68e-06,0.01621737,0.13675413,0.11859081,0.06458151,0.00023121,4.86972973058e-06,6.810810812e-07,1.83e-06,5.68e-06,0,0.0847992900446193,0.0724157744943824,-0.0255931532478923,0.4009827375411987,0.5445941090583801,0,0.4009827375411987,0.5445941090583801,0
00:00:00:27.027,51,0.0,0.05567263,0.13242413,0.03690967,0.20361531,0.3758586166549536,0.0,0.0,0.04931055,0.02697219,0.12876992,0.21919627,0.4703589529807661,0.0,0.00107018,0.00117803,0.00115962,0.12176206260343649,0.00221588,0.04794687,0.02482165,0.00018408,0.00061341,0.14649036301799703,0.14804298410239744,0.00554806666611186,0.00924943333240839,0.008850755569092842,0.0012560248456563602,0.0,0.0,0.00174899,0.00080799,0.0008902834615818901,0.02535769,0.00908165,0.00746261,0.1388122,0.23429595,0.12904289,0.09520394,7.34e-06,0.01086932,0.15202734,0.1513824,0.07914402,0.00032214,7.08324324448e-06,9.1945945962e-07,2.38e-06,7.34e-06,0,0.0918272661086331,0.0685968268885171,-0.0259548707338941,0.4000691175460815,0.5445272326469421,0,0.4000691175460815,0.5445272326469421,0
00:00:00:28.028,51,0.0,0.07477625,0.09886647,0.04526474,0.1387317,0.3285571949333139,0.0,0.0,0.06968015,0.03328254,0.09886301,0.15551327,0.4239847954942656,0.0,0.00048567,0.00050916,0.00086505,0.06593617803139817,0.00312378,0.03547555,0.02292889,0.00066095,0.00032547,0.02164450867557776,0.01830032686821304,0.00322523333301081,0.0058615666660805105,0.00632256464066292,0.0005618517527095201,0.0,0.0,0.00308647,0.00144358,0.00155025730776793,0.0345622,0.01274032,0.00498722,0.03709993,0.07502177,0.12764187,0.09306661,4.76e-06,0.0132385,0.15940839,0.13393636,0.06736082,0.0001396,4.73351351434e-06,6.9810810823e-07,1.81e-06,4.76e-06,0,0.0843486625189522,0.0664141080405187,-0.02667172267111,0.4002414345741272,0.5451478958129883,0,0.4002414345741272,0.5451478958129883,0
00:00:00:29.029,51,0.0,0.06375702,0.06684707,0.06343734,0.15582034,0.4077111380163271,0.0,0.0,0.07053768,0.04316129,0.08656909,0.1548236,0.4428191531508685,0.0,0.00061608,0.00051844,0.00074871,0.05733149293639162,0.00232689,0.03220581,0.01520891,0.00153838,0.00014293,0.037580598194297196,0.0325822572302388,0.00423823333290951,0.00587673333274566,0.00422941422779928,0.0009003497940262801,0.0,0.0,0.00240343,0.00130069,0.00135131269237361,0.03554936,0.01522571,0.00659525,0.05914705,0.10346385,0.14168963,0.12488235,5.35e-06,0.01350252,0.13750398,0.13258211,0.08014733,0.00019902,4.54621621701e-06,5.6189189199e-07,2.11e-06,5.35e-06,0,0.0897284549441742,0.0656098429397536,-0.0267986904321323,0.3998897671699524,0.5462626218795776,0,0.3998897671699524,0.5462626218795776,0
00:00:00:30.030,51,0.0,0.04947769,0.08023329,0.05487101,0.21626393,0.4019858648830259,0.0,0.0,0.04276982,0.0441424,0.08205624,0.2329229,0.5186529369802682,0.0,0.00090092,0.00030478,0.00143147,0.06889993476008222,0.00353201,0.03922885,0.01617557,0.00149461,0.00012834,0.21821020675584926,0.217153432297975,0.0033279999996672,0.004098733332923461,0.0038577714442066804,0.0017460086602046402,0.0,0.0,0.00212304,0.00140803,0.00103715807697367,0.02691751,0.01387593,0.00942689,0.07670484,0.11228877,0.17116784,0.18132442,5.48e-06,0.02183524,0.10063066,0.09656326,0.04743197,0.00025381,5.85729729832e-06,7.1513513526e-07,1.62e-06,5.48e-06,0,0.0706773739920494,0.0597923961660406,-0.0230614024426022,0.4002264142036438,0.5449146032333374,0,0.4002264142036438,0.5449146032333374,0
00:00:01:00.031,51,0.0,0.06127584,0.09027866,0.0531866,0.18113975,0.39344185420443906,0.0,0.0,0.06111536,0.04025947,0.09868015,0.19601314,0.4723876923051865,0.0,0.00121602,0.00082388,0.00121713,0.10457071423161376,0.00238501,0.06081743,0.03294377,0.00101862,0.0001602,0.321266840494974,0.4003184071246903,0.0042613666662405306,0.00544393333278894,0.0036340339183808406,0.00198327433036356,0.0,0.0,0.0014925,0.0008415,0.00083859192311783,0.02568789,0.0072759,0.00896739,0.16909011,0.21546243,0.19564556,0.21130513,5.94e-06,0.01080374,0.14519271,0.11352172,0.07439786,0.00034233,7.917567568950001e-06,8.6837837853e-07,2.22e-06,5.94e-06,0,0.0688970556269451,0.0612082186570955,-0.024697763739028,0.3994607925415039,0.5456885695457458,0,0.3994607925415039,0.5456885695457458,0
00:00:01:01.032,51,0.0,0.05744006,0.1110404,0.04462085,0.21010585,0.37740942715361536,0.0,0.0,0.05260732,0.03352063,0.1122457,0.22737272,0.49886701348709567,0.0,0.00108784,0.00077437,0.00184699,0.15514066152842196,0.00262408,0.06901316,0.04940582,0.00072669,0.00022853,0.5968110253254407,0.5939944712289409,0.0033123666663354306,0.00425969999957403,0.005166967733174521,0.0018289493818736402,0.0,0.0,0.00094275,0.0007243,0.00054935269233449,0.01717535,0.00677988,0.00585607,0.12599009,0.17016609,0.15521051,0.14523935,5.91e-06,0.02109022,0.13183068,0.07399628,0.03799719,0.00033825,7.18540540666e-06,9.875675677399998e-07,2.09e-06,5.91e-06,0,0.0744913060530147,0.0621447320315197,-0.0297407666555515,0.3996797204017639,0.5443234443664551,0,0.3996797204017639,0.5443234443664551,0
00:00:01:02.033,51,0.0,0.0624365,0.09454665,0.04949949,0.21734577,0.3434377741190413,0.0,0.0,0.05527815,0.04298817,0.10513626,0.23885219,0.48414354995977604,0.0,0.00152437,0.00265385,0.00083723,0.17279096299137234,0.00146318,0.10390917,0.07120916,0.00068837,0.00017833,0.6378411647246973,0.7500024976208184,0.006596666666007,0.00892593333244074,0.004070141753535,0.00251716020677784,0.0,0.0,0.00061546,0.00059638,0.00029717115386065,0.01611766,0.00291655,0.00392593,0.20898855,0.26469001,0.12081148,0.13384028,6.5e-06,0.01350667,0.14345337,0.10771157,0.05753252,0.00037971,9.705405407099998e-06,1.03864864883e-06,2.83e-06,6.5e-06,0,0.0926965900124118,0.0548125207980675,-0.023703393154668,0.3992058038711548,0.5444451570510864,0,0.3992058038711548,0.5444451570510864,0
00:00:01:03.034,51,0.0,0.06843637,0.08278902,0.05340428,0.21088006,0.3347402109493075,0.0,0.0,0.0583411,0.04672529,0.09818541,0.23213908,0.474733385366352,0.0,0.0016954,0.00348401,0.00083275,0.16814865717097988,0.00089221,0.08193087,0.06992082,0.0005023,0.0001961,0.8740859382282669,1.0281609436562105,0.00856503333247683,0.0110859999988914,0.0033273504131540402,0.0026196281449462804,0.0,0.0,0.0005527,0.00069565,0.00033385038463167,0.01564205,0.00208217,0.00329006,0.33535811,0.39787099,0.16694443,0.20070565,6.92e-06,0.01573002,0.12752339,0.10724174,0.05459239,0.00046169,8.905135136689999e-06,1.05567567586e-06,2.88e-06,6.92e-06,0,0.1074759633513069,0.0550577582869981,-0.0240445682076883,0.3990778923034668,0.5444962978363037,0,0.3990778923034668,0.5444962978363037,0
00:00:01:04.035,51,0.0,0.05702554,0.06524966,0.07149416,0.23916149,0.38457381950440767,0.0,0.0,0.05129749,0.05895187,0.07946804,0.25563887,0.5081213996107244,0.0,0.0016499,0.0025573,0.00115466,0.16816789698917084,0.0014927,0.08026857,0.05227889,0.00043577,0.00022246,0.6778079313528264,0.8135095775029153,0.00737189999926281,0.00986863333234647,0.00367353000086436,0.0023156418562149603,0.0,0.0,0.00071081,0.00087497,0.00034091500001663,0.0163371,0.00277356,0.00408798,0.22988439,0.2729941,0.10452007,0.1279337,6.63e-06,0.01043772,0.15333261,0.11574944,0.06586763,0.00043191,9.04135135293e-06,1.00459459477e-06,2.72e-06,6.63e-06,0,0.0905380125508432,0.0595413429016371,-0.0236632120362164,0.3995192348957062,0.5435565710067749,0,0.3995192348957062,0.5435565710067749,0
00:00:01:05.036,51,0.0,0.05203674,0.08973299,0.05062166,0.21676418,0.36619703658103103,0.0,0.0,0.04623537,0.04258963,0.09335817,0.23082441,0.47126870565006396,0.0,0.00155584,0.00082941,0.00123587,0.10508070114094753,0.00188243,0.02573075,0.01729715,0.00033688,0.00026839,0.4377724743551269,0.47523724604339534,0.01032429999896757,0.01166816666549985,0.0019448508251998801,0.0014792523714820803,0.0,0.0,0.00182534,0.00166657,0.0010202219231266899,0.01861649,0.00709655,0.01053298,0.22475596,0.25153795,0.27737302,0.31086373,4.78e-06,0.00960464,0.14183731,0.09668989,0.07101825,0.00039123,8.632702704209999e-06,1.1578378380399998e-06,2.13e-06,4.78e-06,0,0.076306705216,0.0589093365140517,-0.0202351050574698,0.3996593654155731,0.5436619520187378,0,0.3996593654155731,0.5436619520187378,0
00:00:01:06.037,51,0.0,0.13032255,0.1016814,0.04714618,0.08873496,0.3284027056094266,0.0,0.0,0.11929918,0.03901671,0.09429102,0.10511477,0.4294941567057971,0.0,0.00109893,0.00037681,0.00131629,0.0726574991255079,0.00253568,0.05462796,0.02513821,0.00070481,0.00017477,0.12197978916157999,0.13749349169233047,0.009979633332335371,0.0146046666652062,0.00151137185602572,0.0006245607217964401,0.0,0.0,0.00151109,0.00156806,0.00062723692310752,0.02283407,0.00598427,0.00557343,0.07915475,0.10064325,0.18047547,0.18283273,6.2e-06,0.01653673,0.15618593,0.06703207,0.04174925,0.00016665,8.46243243391e-06,1.03864864883e-06,2.03e-06,6.2e-06,0,0.0671135056727563,0.0557665240985545,-0.0201529201947941,0.3999716937541961,0.5440152883529663,0,0.3999716937541961,0.5440152883529663,0
00:00:01:07.038,51,0.0,0.12181699,0.13240443,0.03717891,0.08739516,0.35500439156005376,0.0,0.0,0.11748546,0.02692776,0.11669858,0.09695834,0.4514915659647232,0.0,0.0007937,0.00032399,0.00208824,0.07725339112769643,0.0020157,0.03978943,0.0119885,0.00047211,0.00024365,0.042750376628242076,0.06462770132792567,0.011768133332156521,0.01545759999845424,0.0010525769074641602,0.0010906113404628,0.0,0.0,0.00157119,0.00157241,0.00069506038464929,0.03381757,0.00577751,0.01265479,0.10182364,0.09988777,0.10829201,0.12654346,6.86e-06,0.02295371,0.11718693,0.06893878,0.04376001,0.00015626,5.77216216317e-06,5.4486486496e-07,2.07e-06,6.86e-06,0,0.0805356257906625,0.0617794275855196,-0.0232178116973167,0.3997106254100799,0.5432342290878296,0,0.3997106254100799,0.5432342290878296,0
00:00:01:08.039,51,0.0,0.14110889,0.07584091,0.05697964,0.07395608,0.336531611305689,0.0,0.0,0.14165439,0.0424878,0.08385006,0.07688668,0.41829737200510336,0.0,0.00055377,0.00035277,0.00278892,0.08814776731470239,0.00213568,0.04029907,0.01468554,0.00034054,0.00056721,0.010352397470299918,0.016659791566941598,0.00133796666653287,0.00199879999980012,0.00255763422740592,0.0024841258768731602,0.0,0.0,0.00277071,0.00261563,0.00111570461543904,0.03404872,0.00625012,0.01889218,0.1126941,0.1089863,0.08130495,0.09748497,3.71e-06,0.00764389,0.19460239,0.12357997,0.07733217,0.00013418,3.2691891897599995e-06,4.0864864871999994e-07,1.43e-06,3.71e-06,0,0.0704972911622996,0.0655678903167134,-0.0223565953350236,0.4000675082206726,0.5444158315658569,0,0.4000675082206726,0.5444158315658569,0
00:00:01:09.040,51,0.0,0.07827204,0.09625522,0.04986868,0.12488945,0.34491527945753986,0.0,0.0,0.08755063,0.03213989,0.10436134,0.12722714,0.4282951869545664,0.0,0.00018001,0.00115835,0.00428683,0.17823880590305743,0.00439505,0.06884781,0.11297494,0.00035839,0.00188065,0.00096157361449688,0.00113514722896176,4.6666666662e-05,8.6666666658e-05,0.015197148250998481,0.0037585159802658004,0.0,0.0,0.00509857,0.00484175,0.00161469038469415,0.0149088,0.00451711,0.00722333,0.040502,0.05001431,0.00870668,0.00876852,1.15e-06,0.00459076,0.23669089,0.18904461,0.11734529,7.572e-05,1.48135135161e-06,3.2351351357e-07,8.5e-07,1.15e-06,0,0.0649998751612969,0.0714793819078209,-0.018467757876583,0.3996734321117401,0.5436564087867737,0,0.3996734321117401,0.5436564087867737,0
00:00:01:10.041,51,0.0,0.10034007,0.08171848,0.06097002,0.10678945,0.24957245825604288,0.0,0.0,0.10854351,0.03710003,0.10041637,0.10129537,0.36925493871713216,0.0,0.00015308,0.00330929,0.00327794,0.18896939354453088,0.00269778,0.30239406,0.63953787,0.00195529,0.00120559,0.00015809843374135998,0.00017027445783824,4.466666666220001e-06,7.333333332600001e-06,0.03323663165730493,0.013961376188852041,0.0,0.0,0.00310532,0.01068925,0.00038640923078808005,0.00349993,0.00102341,0.00164139,0.03421712,0.04073542,0.00151944,0.00189582,5e-07,0.00606497,0.2314126,0.2376214,0.11964503,3.832e-05,8.172972974399999e-07,3.2351351357e-07,7.6e-07,5e-07,0,0.0790438886345798,0.0646475963798584,-0.0225027620958452,0.4002910852432251,0.5416042804718018,0,0.4002910852432251,0.5416042804718018,0
00:00:01:11.042,51,0.0,0.11922102,0.09462947,0.05274284,0.09225155,0.24030571715020416,0.0,0.0,0.12151772,0.03698634,0.10532653,0.09178418,0.3315510561441299,0.0,0.00013808,0.00366669,0.00434047,0.21165158519169555,0.00315043,0.26425481,0.68571103,0.00164601,0.00131262,0.00012192638554711998,0.00013215614458368,6.099999999390001e-06,7.89999999921e-06,0.022989306809532963,0.0318522077394534,0.0,0.0,0.0028741,0.00896875,0.00039528730771158996,0.0020168,0.00068618,0.00197269,0.02911156,0.02533653,0.0004258,0.00055373,3.8e-07,0.00670588,0.20327613,0.20026948,0.11345162,3.553e-05,6.810810812e-07,2.3837837842e-07,5.8e-07,3.8e-07,0,0.0749194060960817,0.0647020070902298,-0.0224982684292796,0.4003939926624298,0.5393773317337036,0,0.4003939926624298,0.5393773317337036,0
00:00:01:12.043,51,0.0,0.16731936,0.117025,0.04561936,0.06849893,0.19921719400684415,0.0,0.0,0.16474263,0.03124687,0.13155511,0.06728354,0.2803191166277779,0.0,0.00014836,0.00451046,0.00397455,0.2051698855522454,0.0032536,0.37095383,0.7998594,0.00217205,0.0013574,8.668000000352e-05,0.00010600024096815999,4.19999999958e-06,5.39999999946e-06,0.0317060427909654,0.051255394341957,0.0,0.0,0.0029549,0.00991704,0.00031954769232327997,0.0012322,0.0004519,0.00157731,0.02830487,0.02403759,0.00023007,0.00033688,3.2e-07,0.00802705,0.17832725,0.19725272,0.11378402,2.928e-05,5.4486486496e-07,2.7243243248e-07,4.8e-07,3.2e-07,0,0.0739591618832373,0.0634918705271237,-0.020272766090261,0.3992303609848022,0.5369072556495667,0,0.3992303609848022,0.5369072556495667,0
00:00:01:13.044,51,0.0,0.10338083,0.07523587,0.06488834,0.11953445,0.13560560235173952,0.0,0.0,0.09188215,0.05162084,0.09220089,0.12949364,0.1765225489825952,0.0,0.00020901,0.00736855,0.00720097,0.2609208115787935,0.00121422,0.27333072,0.73353112,0.00181661,0.00112661,0.00011447361446247999,0.00010994024096831999,3.543333332979e-05,3.773333332956e-05,0.030286155471043685,0.06819129032532337,0.0,0.0,0.00268431,0.00480228,0.00061479500002999,0.00389532,0.00042928,0.00128953,0.08040796,0.06894151,0.0003221,0.00049175,5.3e-07,0.00338226,0.32415941,0.25133553,0.17662328,4.925e-05,1.17486486507e-06,4.0864864871999994e-07,1.23e-06,5.3e-07,0,0.0801382454627139,0.0697897974346617,-0.0168094589496102,0.3998595476150512,0.5338479280471802,0,0.3998595476150512,0.5338479280471802,0
00:00:01:14.045,51,0.0,0.1577452,0.07700272,0.06717591,0.07673173,0.19841322336604608,0.0,0.0,0.15628,0.04433221,0.10547588,0.0725283,0.22518688618504962,0.0,0.00016688,0.00465821,0.00703896,0.24896910448219306,0.00177124,0.31060684,0.76764268,0.00157179,0.00129409,9.095228916031999e-05,0.00012232987952303997,2.276666666439e-05,2.7466666663920002e-05,0.01926497660247108,0.06667188991259473,0.0,0.0,0.00228579,0.00542205,0.00043456846155966,0.00240644,0.00026906,0.00158785,0.04949854,0.03392909,0.00025434,0.0004776,5.3e-07,0.00588125,0.22188079,0.2169172,0.13672192,3.465e-05,7.8324324338e-07,2.8945945950999996e-07,8.6e-07,5.3e-07,0,0.0871417439325348,0.0613138873475139,-0.0168174865135043,0.3987794518470764,0.5330857634544373,0,0.3987794518470764,0.5330857634544373,0
00:00:01:15.046,51,0.0,0.14730406,0.09563711,0.05320503,0.09075397,0.17019423581353535,0.0,0.0,0.14385438,0.03705398,0.11499704,0.09328368,0.2533484787197504,0.0,0.0004314,0.01021937,0.00155302,0.2398250210232933,0.00068712,0.16137004,0.22424608,0.0011269,0.00030566,0.00247427253022096,0.004341429036320879,0.00082543333325079,0.00127553333320578,0.012467076188500441,0.045155300113717566,0.0,0.0,0.00168277,0.00101728,0.0006807576923408999,0.01475149,0.00065355,0.00324048,0.26385203,0.20730968,0.00551728,0.00932747,2.51e-06,0.00571193,0.24136646,0.19779089,0.14596288,0.00012873,3.0308108113399997e-06,3.9162162169e-07,1.75e-06,2.51e-06,0,0.1236826547888563,0.060407297512308,-0.0224292806859634,0.3972992300987243,0.5323131680488586,0,0.3972992300987243,0.5323131680488586,0
00:00:01:16.047,51,0.0,0.09267861,0.13743037,0.03636183,0.15747422,0.16716593599060992,0.0,0.0,0.07807199,0.02486092,0.15859608,0.18763198,0.31774423941422403,0.0,0.00195836,0.01375788,0.00078088,0.1511901911629044,0.00044062,0.06826226,0.04476671,0.0022271,7.123e-05,0.21238897543031166,0.36977562206320896,0.00107549999989245,0.0014889999998511,0.03466571475042468,0.06193014650941717,0.0,0.0,0.00066704,0.00071776,0.00051379307694814,0.02196719,0.00259748,0.00507845,0.78841472,0.77893168,0.12883657,0.16388185,5.51e-06,0.00632455,0.24535859,0.28796276,0.13720281,0.00064952,4.66540540622e-06,6.810810812e-07,3.4e-06,5.51e-06,0,0.1480982916050499,0.0485364565715569,-0.0250438724670845,0.3955195844173431,0.5322836637496948,0,0.3955195844173431,0.5322836637496948,0
00:00:01:17.048,51,0.0,0.06679334,0.12247609,0.03775082,0.1894275,0.2974199653870906,0.0,0.0,0.06423261,0.03026515,0.13677634,0.21222453,0.44586832752896,0.0,0.00162878,0.00229728,0.00151079,0.09796615695574147,0.00094922,0.02837856,0.02444608,0.00085246,0.00014339,0.8726600617221849,1.0349791611263668,0.00494596666617207,0.0045152999995484696,0.0034737046399926003,0.00724711051716912,0.0,0.0,0.0018731,0.00149637,0.0014583384616096001,0.0232788,0.00488235,0.01083783,0.64784217,0.60700303,0.23902704,0.325353,6.17e-06,0.00471424,0.248869,0.17682976,0.10640237,0.00072354,7.56000000132e-06,7.3216216229e-07,2.09e-06,6.17e-06,0,0.1139150217904751,0.0466595940339753,-0.0200824951085791,0.3947497606277466,0.5324747562408447,0,0.3947497606277466,0.5324747562408447,0
00:00:01:18.049,51,0.0,0.04778169,0.10221685,0.04098031,0.23238699,0.325874866640736,0.0,0.0,0.04493731,0.03470578,0.11082926,0.24030091,0.44197726880899196,0.0,0.00141688,0.00185249,0.00080608,0.0685207473053562,0.00115359,0.03094806,0.04113537,0.00097897,0.00014252,0.9835049124495778,1.0950995024541095,0.007938199999206181,0.00838163333249517,0.0025710256707080405,0.002454440722227,0.0,0.0,0.00361292,0.00194202,0.00283261115398433,0.02633211,0.00533092,0.00901205,0.50348639,0.54383397,0.55762386,0.63555479,6.37e-06,0.00800609,0.18417117,0.16168299,0.09203851,0.00067244,9.858648650369998e-06,9.705405407100001e-07,2.34e-06,6.37e-06,0,0.1209941435691372,0.0389628577099979,-0.0150137213434167,0.3949056565761566,0.5341063737869263,0,0.3949056565761566,0.5341063737869263,0
00:00:01:19.050,51,0.0,0.076785,0.09617016,0.04123127,0.1601795,0.3345448212695366,0.0,0.0,0.07085384,0.03862843,0.10293672,0.16497663,0.4204638497637267,0.0,0.00158235,0.00149732,0.0008769,0.06625745512246026,0.00132062,0.02266733,0.02593189,0.00083804,0.00015995,1.0460159793195862,1.174378497276606,0.00490373333284296,0.00546083333278725,0.0027227112377540405,0.0020067606190288805,0.0,0.0,0.00354141,0.00418294,0.00194467730778717,0.01525098,0.00582014,0.00969759,0.49523002,0.545928,0.56785202,0.62514091,6.7e-06,0.00940236,0.20505978,0.11463179,0.07882206,0.00066865,7.79837837974e-06,1.27702702725e-06,1.97e-06,6.7e-06,0,0.1140000920243195,0.0418135270908764,-0.0170141038007061,0.394560694694519,0.5332226157188416,0,0.394560694694519,0.5332226157188416,0
00:00:01:20.051,51,0.0,0.05024929,0.06611032,0.06063101,0.23144153,0.36807186309401985,0.0,0.0,0.04461734,0.05168809,0.0778166,0.23465744,0.3873503595407846,0.0,0.00183447,0.00181567,0.00052122,0.04930662547802481,0.00108709,0.02555361,0.03350044,0.00129323,9.886e-05,0.9877673041364979,1.0226468187162274,0.010837099998916291,0.01339769999866023,0.0024861763923375605,0.0012433694848286402,0.0,0.0,0.00367277,0.00274716,0.00254710923089348,0.02037571,0.00627805,0.00686878,0.44935101,0.54325509,0.64759409,0.68022478,7.22e-06,0.00723879,0.19364241,0.1486852,0.10210095,0.00064655,1.120378378574e-05,1.39621621646e-06,3.06e-06,7.22e-06,0,0.1312870415310606,0.04431992937479,-0.0191070277422674,0.3950144052505493,0.5337437391281128,0,0.3950144052505493,0.5337437391281128,0
00:00:01:21.052,51,0.0,0.04787017,0.02527743,0.12305992,0.25433451,0.32147067179962563,0.0,0.0,0.04163792,0.12565216,0.03697887,0.2563591,0.36205271273643586,0.0,0.0019486,0.00274904,0.00045623,0.05918636948272944,0.00099958,0.01811785,0.02249675,0.00095915,0.00011556,1.0506596253438711,1.1790705388430616,0.02295526666437114,0.02556653333077668,0.00201727608294888,0.0016098071137808402,0.0,0.0,0.00482125,0.00383301,0.0039902461540408,0.02004867,0.00573081,0.00851303,0.52646387,0.58608723,0.71130222,0.76190501,7.63e-06,0.0051816,0.2176459,0.1992559,0.11805672,0.00082621,1.236162162378e-05,1.65162162191e-06,3.07e-06,7.63e-06,0,0.1330213949951174,0.0426430022711087,-0.0244727374886331,0.3971230685710907,0.5356208682060242,0,0.3971230685710907,0.5356208682060242,0
00:00:01:22.053,51,0.0,0.04831492,0.02859414,0.10921583,0.23669226,0.34769807305263745,0.0,0.0,0.04556453,0.11303763,0.03989055,0.2364849,0.34081221628911296,0.0,0.0020298,0.00142651,0.00076107,0.048926536932389256,0.00092842,0.02060676,0.02355081,0.00047757,0.00023046,0.909634350880313,1.0309816038972888,0.01724746666494192,0.01875989999812401,0.0022776547428039603,0.0017061550519478401,0.0,0.0,0.00492835,0.00338667,0.00392245423096057,0.02429301,0.00660436,0.01083795,0.54229462,0.57732832,0.70208836,0.75805902,7.14e-06,0.00531222,0.20018718,0.1812976,0.11885638,0.00082109,9.688378380069999e-06,1.6175675678499999e-06,3.24e-06,7.14e-06,0,0.1293870954443516,0.0440765751528418,-0.024223826764694,0.3969709575176239,0.5356506705284119,0,0.3969709575176239,0.5356506705284119,0
00:00:01:23.054,51,0.0,0.06686934,0.01362907,0.16497046,0.14387317,0.22575618422791616,0.0,0.0,0.06671241,0.17155634,0.02489466,0.16312003,0.2561254511404691,0.0,0.00180309,0.00059872,0.00081869,0.04086094856491214,0.00117389,0.01945785,0.0107609,0.00044492,0.00039021,0.4718771143565119,0.5224461361657944,0.00472669999952733,0.0041700666662496605,0.00258279773256648,0.0038332967019328807,0.0,0.0,0.00322876,0.00225287,0.00197946423086579,0.0339599,0.01634805,0.02835206,0.44853762,0.44656548,0.48508766,0.60936105,4.49e-06,0.00523965,0.2027383,0.20991117,0.11117165,0.00060656,4.80162162246e-06,1.10675675695e-06,2.59e-06,4.49e-06,0,0.1218622049927529,0.0399878162464443,-0.0196076611365121,0.397216796875,0.5350532531738281,0,0.397216796875,0.5350532531738281,0
00:00:01:24.055,51,0.0,0.06885888,0.01968108,0.1452634,0.1434228,0.21260949828111617,0.0,0.0,0.07219495,0.11948386,0.03751256,0.14909641,0.25024583281139456,0.0,0.00033363,0.00013293,0.00048074,0.0042435845474753,0.00041817,0.08089176,0.14352237,0.00125162,0.00072893,0.009343330241343279,0.0062047879520591995,0.00036783333329655,0.00044729999995526997,0.0048648321660931205,0.0012034264951285203,0.0,0.0,0.0009877,0.00088066,0.0013113692308332002,0.02892241,0.00787172,0.00347281,0.01392847,0.01705401,0.04785706,0.04503165,8.2e-07,0.00357111,0.2827507,0.26756811,0.13735005,3.952e-05,1.07270270289e-06,3.2351351357e-07,2.47e-06,8.2e-07,0,0.1054696012173587,0.0437813092682126,-0.0241458976739422,0.3968742191791534,0.5321518182754517,0,0.3968742191791534,0.5321518182754517,0
00:00:01:25.056,51,0.0,0.08977956,0.00895671,0.22905418,0.10438766,0.1444088434574464,0.0,0.0,0.09980012,0.21015513,0.02271305,0.10724305,0.13554566107058366,0.0,0.00014329,7.761e-05,0.00094477,0.0025348718193889002,0.0005706,0.06866897,0.48797464,0.00817782,0.00060508,0.0020792993976747995,0.00083136373497352,2.9866666663680005e-05,2.8799999997120002e-05,0.009778298352816241,0.00167939319627144,0.0,0.0,0.00148831,0.00173123,0.0017253115385457,0.0114547,0.00885195,0.00141312,0.00241273,0.00364842,0.00391195,0.00368473,2.4e-07,0.00275479,0.42454568,0.28583607,0.14750479,2.065e-05,4.4270270278e-07,4.0864864871999994e-07,2.03e-06,2.4e-07,0,0.0897999971318298,0.0407889855680089,-0.0224205415171881,0.3976807594299316,0.5348654985427856,0,0.3976807594299316,0.5348654985427856,0
00:00:01:26.057,51,0.0,0.12744661,0.01362547,0.19491391,0.07647374,0.18031137282708928,0.0,0.0,0.13232704,0.16037546,0.02839864,0.08585733,0.21671799828228477,0.0,0.00015223,0.00017838,0.00122171,0.009162112913453821,0.00185544,0.17977855,0.68685079,0.00379601,0.0012029,0.0006598550602677598,0.00024487337350392,1.029999999897e-05,1.376666666529e-05,0.01948272031386252,0.00134135783536716,0.0,0.0,0.00318881,0.00581069,0.0008355484615792201,0.00405899,0.00542368,0.00071108,0.00284069,0.00624839,0.00180565,0.00129559,2.7e-07,0.00779477,0.24936169,0.18933198,0.08465414,2.051e-05,4.5972972981e-07,4.937837838699999e-07,9.8e-07,2.7e-07,0,0.0582072769447252,0.0496704471482423,-0.0221517885149216,0.3974307179450989,0.5349687933921814,0,0.3974307179450989,0.5349687933921814,0
00:00:01:27.058,51,0.0,0.07758889,0.01209958,0.19584097,0.12849255,0.22527988084699777,0.0,0.0,0.08659833,0.18646105,0.02562554,0.12565592,0.19980077674722369,0.0,0.00069689,0.00041211,0.00463365,0.1517255537086139,0.0044364,0.09336433,0.04219185,0.00109217,0.00059197,0.015585358313885918,0.017467183012757518,6.263333332707e-05,7.113333332622e-05,0.011678847528521162,0.011637469177995961,0.0,0.0,0.00163769,0.00284412,0.00032173961540031,0.00918506,0.00879226,0.00961057,0.12338057,0.13254918,0.02635891,0.02995462,1.4e-06,0.00482671,0.217602,0.22065705,0.11335825,0.00019738,1.10675675695e-06,4.5972972981e-07,1.11e-06,1.4e-06,0,0.0782000184550249,0.0469006567385489,-0.0196721778586333,0.3971497416496277,0.5386050939559937,0,0.3971497416496277,0.5386050939559937,0
00:00:01:28.059,51,0.0,0.05497437,0.00862444,0.24877244,0.22596815,0.1822246975607296,0.0,0.0,0.0507001,0.26943579,0.01758805,0.23889634,0.2632450917118893,0.0,0.00132276,0.00572339,0.00107404,0.16178223607703915,0.00156519,0.05839318,0.04720123,0.00198619,0.00014207,0.8271834899131092,0.9283793518449296,0.00078493333325484,0.0009355333332397801,0.011601937425410281,0.011196066806758082,0.0,0.0,0.00077604,0.00118015,0.00080576038465469,0.02120487,0.00614713,0.00770015,0.39598197,0.4074612,0.12243087,0.14683908,4.58e-06,0.00353849,0.28838044,0.28428528,0.12418334,0.0006401,4.73351351434e-06,9.5351351368e-07,3e-06,4.58e-06,0,0.0918419880559535,0.040510740658967,-0.0160350377181293,0.3966207802295685,0.5416854023933411,0,0.3966207802295685,0.5416854023933411,0
00:00:01:29.060,51,0.0,0.04030999,0.01182671,0.21065235,0.30762529,0.1896414502318784,0.0,0.0,0.03336386,0.21812603,0.01986695,0.32273555,0.2888185036408717,0.0,0.0013809,0.00335029,0.00136928,0.17467493790136038,0.00047467,0.07369193,0.0888513,0.000539,0.00022319,1.1338274001665256,1.405097135960674,0.00683396666598327,0.00828009999917199,0.00365048536168368,0.005779551341566081,0.0,0.0,0.00050822,0.00070718,0.00067448153849444,0.0231207,0.00177913,0.00374222,0.59443164,0.5883621,0.24618894,0.33854118,6.35e-06,0.00949371,0.13647389,0.22538292,0.10726225,0.00074333,5.26135135227e-06,8.513513514999999e-07,3.71e-06,6.35e-06,0,0.1093143806576395,0.0432130935458269,-0.0136650250831411,0.3964201211929321,0.543317437171936,0,0.3964201211929321,0.543317437171936,0
00:00:02:00.061,51,0.0,0.04556426,0.01576379,0.17937456,0.29179066,0.199581605928656,0.0,0.0,0.04142123,0.18549259,0.02497896,0.30180863,0.2654594680470387,0.0,0.00141817,0.00392298,0.00127704,0.18499889299718564,0.0004229,0.05574978,0.05923532,0.0007538,0.000146,1.0798885153450581,1.3804553790922034,0.017535699998246432,0.02081279999791872,0.00401208061950072,0.006240875259200401,0.0,0.0,0.00060351,0.00070751,0.00090818153850584,0.02648897,0.00202967,0.00404195,0.57108855,0.56871557,0.24248011,0.37465683,6.47e-06,0.00572256,0.23032361,0.23381878,0.11421328,0.0007836,7.01513513636e-06,1.14081081101e-06,4.32e-06,6.47e-06,0,0.1044105911957776,0.0475664132016017,-0.0145343142939833,0.3967661261558532,0.5439997911453247,0,0.3967661261558532,0.5439997911453247,0
00:00:02:01.062,51,0.0,0.0444148,0.01835565,0.16305164,0.28924045,0.18156718510502656,0.0,0.0,0.04031402,0.16996551,0.02625546,0.30311266,0.2277445756875565,0.0,0.0013724,0.00605891,0.00092046,0.1823157764504534,0.00045609,0.04082226,0.04642021,0.0006243,0.00015035,1.1954759155907158,1.5313392930742344,0.01682576666498409,0.01841593333149174,0.0032326744337503204,0.00672202608405588,0.0,0.0,0.00070084,0.00095078,0.0010259303846654301,0.02235414,0.00202743,0.00476481,0.62065524,0.59543252,0.18128011,0.30012175,5.93e-06,0.00469756,0.2458481,0.2697309,0.13208154,0.00089004,6.31702702813e-06,9.1945945962e-07,3.7e-06,5.93e-06,0,0.1076337351827578,0.0452286534825937,-0.0193457200041642,0.3972246050834656,0.5440002679824829,0,0.3972246050834656,0.5440002679824829,0
00:00:02:02.063,51,0.0,0.03809445,0.0094641,0.24179105,0.30793077,0.2165373336914861,0.0,0.0,0.03534034,0.25759843,0.0175163,0.31049618,0.2713048479419398,0.0,0.00118261,0.00616447,0.00056498,0.18225427317769682,0.00076792,0.04245916,0.05267227,0.00104275,0.00012839,1.1944640951087468,1.3598218127058235,0.01211903333212143,0.013463133331987022,0.0028982984542902006,0.0044599657742452805,0.0,0.0,0.00073757,0.00066596,0.00107145615389842,0.02189729,0.00295334,0.00501463,0.43679401,0.4304744,0.20594038,0.27540967,5.7e-06,0.00756733,0.19975252,0.21420421,0.09540004,0.00075594,7.20243243369e-06,9.0243243259e-07,3.5e-06,5.7e-06,0,0.0812788739518066,0.0401018319172291,-0.0215977008357602,0.3982174694538116,0.5424289703369141,0,0.3982174694538116,0.5424289703369141,0
00:00:02:03.064,51,0.0,0.04175064,0.0124643,0.21934262,0.28687581,0.22246959881772865,0.0,0.0,0.03875824,0.23374774,0.01895347,0.29430661,0.34062388888692413,0.0,0.00120047,0.00524848,0.00070216,0.17051885844483583,0.00108383,0.0405627,0.05196803,0.00140557,9.785e-05,1.3619682107781996,1.552738952111248,0.0105713333322762,0.011545566665512109,0.0018898602066302402,0.0030863780419633203,0.0,0.0,0.00093589,0.00102084,0.00120226192313557,0.01630654,0.00282162,0.00514519,0.45383251,0.4480716,0.21711753,0.27633986,5.73e-06,0.0061151,0.23238745,0.2137029,0.09796456,0.00071367,8.44540540688e-06,8.8540540556e-07,2.91e-06,5.73e-06,0,0.0794913117246494,0.0422787209378616,-0.0230362980161241,0.3990726172924042,0.5410735011100769,0,0.3990726172924042,0.5410735011100769,0
00:00:02:04.065,51,0.0,0.05417257,0.01430689,0.19710796,0.22112438,0.2321145000660237,0.0,0.0,0.05506631,0.21509719,0.02245424,0.224933,0.28003128477716227,0.0,0.00155913,0.00252789,0.00098535,0.12711610806053147,0.00121118,0.04140249,0.04729824,0.00071326,0.00018115,1.1668368151076252,1.3730379018629868,0.01103813333222952,0.01158939999884106,0.0013229452580432403,0.00197486721695952,0.0,0.0,0.00125698,0.00125764,0.00126835076929264,0.01719529,0.00305662,0.00638713,0.47380978,0.45387939,0.28751934,0.34933218,5.49e-06,0.00632105,0.22680429,0.184131,0.09414115,0.00068926,8.19000000143e-06,1.10675675695e-06,2.84e-06,5.49e-06,0,0.0671797331586906,0.0446057938787806,-0.0256865944127541,0.3997915685176849,0.5425096750259399,0,0.3997915685176849,0.5425096750259399,0
00:00:02:05.066,51,0.0,0.03576504,0.01217464,0.20663628,0.29681009,0.2636196486514976,0.0,0.0,0.03578879,0.21683858,0.02380677,0.29305711,0.29918803300325186,0.0,0.00144069,0.00168078,0.0011684,0.12346406678606514,0.00177976,0.03665162,0.04420623,0.00075194,0.00020418,1.2401702075202414,1.3833575213814782,0.00828359999917164,0.00869329999913067,0.0012206665982253601,0.0015226707220077603,0.0,0.0,0.00161856,0.00146756,0.00174213730777729,0.01650258,0.00384724,0.00704285,0.38579091,0.38915339,0.33310497,0.36059541,5.6e-06,0.00577025,0.23036243,0.15392525,0.09275749,0.00068925,8.479459460939999e-06,1.03864864883e-06,2.33e-06,5.6e-06,0,0.0573755853169482,0.0475877073540608,-0.0257511753621088,0.4005587697029114,0.5415323972702026,0,0.4005587697029114,0.5415323972702026,0
00:00:02:06.067,51,0.0,0.05094257,0.02115126,0.14628567,0.22532643,0.31553864688690625,0.0,0.0,0.04827862,0.15157007,0.03314175,0.23967846,0.3448105223400723,0.0,0.00130429,0.00087629,0.00180324,0.12886557224318274,0.0025405,0.03680865,0.04292333,0.00071091,0.00021779,1.2482066445085198,1.3753550728269364,0.0036884333329644903,0.00412706666625396,0.00131636783536128,0.0015606841240785603,0.0,0.0,0.00139017,0.00182348,0.00100707038466451,0.01042504,0.00410978,0.0076321,0.30981934,0.30726629,0.24603768,0.25161394,5.57e-06,0.01259523,0.1631912,0.0939634,0.05627263,0.00056028,6.1297297308e-06,9.5351351368e-07,1.76e-06,5.57e-06,0,0.0595602120206555,0.0523582686603406,-0.0290898917721749,0.4011726975440979,0.5406837463378906,0,0.4011726975440979,0.5406837463378906,0
00:00:02:07.068,51,0.0,0.04604807,0.02108037,0.14628972,0.25244793,0.2772847634240678,0.0,0.0,0.04058534,0.15188195,0.03159072,0.27111879,0.4019390472673542,0.0,0.00121547,0.00132815,0.00116234,0.12523150696872495,0.00241012,0.04803395,0.05533573,0.00072869,0.00021493,1.369741189935142,1.4706354045175525,0.00290256666637641,0.00326086666634058,0.0010445010311736,0.0010870623713898002,0.0,0.0,0.00109925,0.0020793,0.0007148980769579499,0.00913289,0.00302253,0.00500302,0.30163068,0.32094836,0.24696901,0.25128794,5.18e-06,0.0095994,0.1835098,0.13990362,0.07374112,0.00050423,6.31702702813e-06,7.6621621635e-07,1.62e-06,5.18e-06,0,0.0622020954928217,0.0519529559198029,-0.0326395408723964,0.4022344350814819,0.5399390459060669,0,0.4022344350814819,0.5399390459060669,0
00:00:02:08.069,51,0.0,0.04916472,0.01647725,0.17655765,0.2354871,0.32407188799253633,0.0,0.0,0.0481384,0.17697018,0.03021441,0.24725981,0.43019931151026813,0.0,0.00139096,0.00073271,0.00156946,0.11331367478123161,0.00253651,0.05836876,0.07588201,0.00055544,0.0002988,1.2432223071589197,1.3039096761975288,0.0029902333330343103,0.0035528999996447103,0.0011970120621373201,0.0009414705156854401,0.0,0.0,0.00104431,0.00146295,0.00074334576926703,0.01085928,0.00290071,0.00425547,0.25206831,0.29367366,0.29822683,0.3025142,5.49e-06,0.00826376,0.19630884,0.12341624,0.08268857,0.00052032,6.6405405417e-06,7.8324324338e-07,1.82e-06,5.49e-06,0,0.0532261372844189,0.0522759955949014,-0.0329984923940425,0.402702122926712,0.5404853820800781,0,0.402702122926712,0.5404853820800781,0
00:00:02:09.070,51,0.0,0.04360417,0.02460089,0.13336936,0.25557813,0.3469905321271693,0.0,0.0,0.0435436,0.13258991,0.03951571,0.26366279,0.3800313577593433,0.0,0.00146835,0.0006768,0.00187744,0.10522646786828967,0.00228419,0.04465524,0.05094548,0.00082649,0.00018643,1.2204697802905258,1.3250474676441704,0.00526643333280669,0.00576449999942355,0.0010373084538523201,0.00107597907241812,0.0,0.0,0.00145148,0.00185439,0.00110108653851525,0.01215606,0.00334446,0.00543959,0.30979538,0.32828513,0.32753974,0.35173166,5.51e-06,0.00593934,0.24577406,0.14124803,0.08606249,0.00058098,7.56000000132e-06,8.8540540556e-07,2.01e-06,5.51e-06,0,0.0608408741134488,0.0599312008777606,-0.034925364527234,0.4033363759517669,0.5410113334655762,0,0.4033363759517669,0.5410113334655762,0
00:00:02:10.071,51,0.0,0.03857216,0.01107088,0.21664482,0.2856124,0.3338841460024448,0.0,0.0,0.03657301,0.22227639,0.02582228,0.29133382,0.40412327680534205,0.0,0.00171151,0.00086422,0.00141323,0.09968838986565247,0.00240255,0.0458739,0.05445784,0.00062982,0.00021859,1.1779319737827745,1.1853828460722335,0.008436399999156359,0.0100496666656617,0.0013805542271289602,0.0009565654641426,0.0,0.0,0.00170711,0.00141964,0.00148361653853391,0.01472416,0.00387145,0.00484298,0.28274676,0.33189607,0.34785914,0.35071543,6.62e-06,0.0051116,0.25745326,0.15548016,0.0993126,0.00065008,1.018216216394e-05,1.03864864883e-06,2.18e-06,6.62e-06,0,0.055654479810101,0.0552209232076045,-0.0345901490500853,0.4040571451187134,0.5403065085411072,0,0.4040571451187134,0.5403065085411072,0
00:00:02:11.072,51,0.0,0.04451926,0.02321465,0.13957414,0.25388372,0.3250662438647053,0.0,0.0,0.04206146,0.12817782,0.04121617,0.26548675,0.4181963782328327,0.0,0.00138088,0.00091181,0.001516,0.11188391841691442,0.00288063,0.02962998,0.034592,0.00091951,0.00015338,1.2943989908959377,1.3918098657191706,0.00796416666587025,0.00822526666584414,0.00107543226829428,0.00144657030961872,0.0,0.0,0.00221165,0.00208062,0.0016672334616197899,0.01122885,0.00441164,0.00741879,0.30576161,0.32058626,0.28522819,0.30811763,6.31e-06,0.00888147,0.2127745,0.12287869,0.06609249,0.0006209,8.956216217779999e-06,9.3648648665e-07,1.49e-06,6.31e-06,0,0.0706616442515308,0.055360702232288,-0.0350256488465977,0.4035094380378723,0.5411947965621948,0,0.4035094380378723,0.5411947965621948,0
00:00:02:12.073,51,0.0,0.05197224,0.0248196,0.13183026,0.23454918,0.3570126887136499,0.0,0.0,0.04511726,0.12858185,0.038864,0.25614566,0.450895468099785,0.0,0.00153992,0.00079042,0.00184603,0.11009917805242818,0.00264104,0.02645449,0.03246971,0.000567,0.00022053,1.3267968988490606,1.3638371711397215,0.00421176666624549,0.0047002333328633105,0.00131483257762896,0.00139554402094692,0.0,0.0,0.00187919,0.00261366,0.0010806180769757899,0.0080704,0.00479131,0.00793718,0.35055998,0.37708515,0.23368502,0.21528554,6.65e-06,0.01650235,0.15902545,0.09375685,0.04304367,0.00059475,6.77675675794e-06,9.1945945962e-07,1.49e-06,6.65e-06,0,0.0687645857760394,0.0571381499794082,-0.0375015731213649,0.4040647447109222,0.5411444902420044,0,0.4040647447109222,0.5411444902420044,0
00:00:02:13.074,51,0.0,0.05856572,0.03037726,0.11374097,0.20238043,0.35218244316067454,0.0,0.0,0.05469592,0.11137795,0.04442094,0.22161552,0.3697252367599706,0.0,0.00168512,0.00075781,0.00141964,0.10007567568401872,0.00297718,0.02707629,0.03401488,0.00057194,0.00020672,1.1451055552272247,1.1795426979997072,0.00485113333284822,0.00552363333278097,0.00120101319615888,0.0011417585569696803,0.0,0.0,0.00188811,0.00232352,0.00098821038466359,0.00796057,0.004778,0.00699982,0.30403095,0.32980388,0.21927452,0.19612198,5.94e-06,0.01616817,0.14562178,0.08696894,0.04507714,0.0005456,6.91297297418e-06,1.03864864883e-06,1.57e-06,5.94e-06,0,0.0642141915348979,0.0640316387722014,-0.0353470680547352,0.4045291543006897,0.5430810451507568,0,0.4045291543006897,0.5430810451507568,0
00:00:02:14.075,51,0.0,0.0579964,0.02617186,0.12897564,0.20446633,0.35688430259261694,0.0,0.0,0.05522634,0.13533136,0.03574845,0.22236682,0.3745990730602893,0.0,0.00151667,0.00072882,0.00180858,0.11092119059827416,0.00362356,0.02921984,0.02860718,0.00067085,0.00019323,1.3465070811390176,1.415481979093626,0.00304983333302835,0.00348746666631792,0.00122439958791696,0.00131574216525804,0.0,0.0,0.00175459,0.00351475,0.00083122769234824,0.00724593,0.00473859,0.00781882,0.28932983,0.31024313,0.17878143,0.15322509,6.42e-06,0.01428416,0.16149808,0.07961274,0.04426033,0.00056715,6.1297297308e-06,8.8540540556e-07,1.42e-06,6.42e-06,0,0.047508864869386,0.0648766367611699,-0.0332125677479698,0.4050514996051788,0.5445080995559692,0,0.4050514996051788,0.5445080995559692,0
00:00:02:15.076,51,0.0,0.05236998,0.08693591,0.05105675,0.22317411,0.3580980294612896,0.0,0.0,0.04774285,0.04423933,0.09785386,0.23970741,0.4455710472797651,0.0,0.00133355,0.00115656,0.00139941,0.1207672964211446,0.00278105,0.03680997,0.04675725,0.00091082,0.00015796,1.28425605426902,1.4380788996969531,0.00305706666636096,0.0035383999996461604,0.0013153162889692801,0.0014107283508474002,0.0,0.0,0.00150572,0.00174989,0.00086308153850364,0.00833793,0.00390178,0.00762501,0.32529843,0.34710255,0.17791381,0.16456315,6.08e-06,0.01432725,0.15920988,0.07902917,0.04865222,0.00050743,7.35567567696e-06,7.3216216229e-07,1.5e-06,6.08e-06,0,0.0421511811304579,0.0672914097697327,-0.0256856085554221,0.4015700221061706,0.5449669361114502,0,0.4015700221061706,0.5449669361114502,0
00:00:02:16.077,51,0.0,0.04401709,0.1025883,0.04757328,0.26263738,0.4158236771645421,0.0,0.0,0.04251481,0.03543746,0.11378608,0.27156547,0.4796090392823296,0.0,0.00101014,0.00108011,0.00226415,0.1452766827964521,0.00320574,0.04011598,0.03705165,0.00237665,6.13e-05,1.4549852735530615,1.635570521512202,0.004416666666225,0.00441616666622505,0.00115394597965296,0.00243539195933592,0.0,0.0,0.0016155,0.00237021,0.0010941796154379899,0.00963954,0.00344915,0.00707301,0.30137032,0.29042214,0.15508032,0.18043123,7.04e-06,0.01486937,0.18936022,0.06313886,0.04202344,0.00054851,8.46243243391e-06,6.129729730799999e-07,1.18e-06,7.04e-06,0,0.0558872617070881,0.0582143780245678,-0.0284743823817942,0.4006553292274475,0.5439460873603821,0,0.4006553292274475,0.5439460873603821,0
00:00:02:17.078,51,0.0,0.04673029,0.10479473,0.04415112,0.26107481,0.37398374209926016,0.0,0.0,0.04460846,0.03674554,0.11820723,0.26738039,0.4738330330529287,0.0,0.00112906,0.00164743,0.00227219,0.1656031937152223,0.00214715,0.0221287,0.02269726,0.00239903,5.676e-05,1.5703324524734081,1.7807462062168926,0.00445916666622075,0.00446843333288649,0.0015964892787261602,0.0035540164956816005,0.0,0.0,0.00148779,0.00335573,0.00123318538467554,0.00733866,0.00385945,0.00865991,0.41655686,0.40377027,0.191535,0.22742578,7.5e-06,0.01791283,0.15470491,0.07738005,0.04205824,0.00071494,6.9981081093299994e-06,8.0027027041e-07,1.44e-06,7.5e-06,0,0.0686444464397812,0.0610685100044546,-0.0271013988314803,0.4000908732414245,0.5449652075767517,0,0.4000908732414245,0.5449652075767517,0
00:00:02:18.079,51,0.0,0.04821465,0.08492009,0.0526714,0.24645637,0.36415848053062916,0.0,0.0,0.04498291,0.04384461,0.09670224,0.25619921,0.44647335332984384,0.0,0.00105288,0.0023886,0.0013704,0.151325851162969,0.0027111,0.03686694,0.04277715,0.00304446,5.154e-05,1.467024062228249,1.7092421130814588,0.0033016333330031697,0.0038829999996117,0.0016818222684369603,0.0022224853613476802,0.0,0.0,0.00144549,0.00263156,0.00096816769235492,0.00893248,0.00324355,0.00647587,0.34647527,0.34793043,0.14786536,0.15681013,8.08e-06,0.01922211,0.15254098,0.07748249,0.0428601,0.00062558,7.730270271619999e-06,7.3216216229e-07,1.63e-06,8.08e-06,0,0.0454659698679518,0.0554255470096683,-0.0198711856495806,0.3989614248275757,0.5454137325286865,0,0.3989614248275757,0.5454137325286865,0
00:00:02:19.080,51,0.0,0.06059922,0.06775853,0.06663577,0.20549649,0.4231159431808512,0.0,0.0,0.06065838,0.05480877,0.08327908,0.19604298,0.46083806596738175,0.0,0.00115419,0.00323458,0.0008322,0.15308922116380871,0.00346121,0.01738025,0.01465565,0.00272234,4.731e-05,1.6105971638003445,1.7902655310365565,0.00450536666621613,0.00514026666615264,0.0023845023716950802,0.0032118485574567602,0.0,0.0,0.00237593,0.00529656,0.00153153923084394,0.00594119,0.00637566,0.0121842,0.32217285,0.34657153,0.18174252,0.18550912,7.97e-06,0.01068233,0.1740716,0.08133179,0.06245123,0.00079198,7.96864865004e-06,8.0027027041e-07,1.44e-06,7.97e-06,0,0.04614866099039,0.0475825131523033,-0.0176700312507508,0.3984801173210144,0.5477306246757507,0,0.3984801173210144,0.5477306246757507,0
00:00:02:20.081,51,0.0,0.11324242,0.02709782,0.14339885,0.13073766,0.5233895633161351,0.0,0.0,0.11201903,0.15186593,0.03351628,0.12559146,0.4939470722045574,0.0,0.00141262,0.00121918,0.00133179,0.13630797224672675,0.0055189,0.01309714,0.00919727,0.00080556,0.00010259,1.4932695177714836,1.5503564388581392,0.0055863666661080304,0.0061158333327217505,0.0017956416499070402,0.0023772887634459605,0.0,0.0,0.00323152,0.00824028,0.00123044153852156,0.0040971,0.00649329,0.01107319,0.23975867,0.26954573,0.14381471,0.1406391,5.62e-06,0.0053263,0.16490546,0.10264602,0.08014335,0.00074619,5.21027027118e-06,6.300000001099999e-07,1.07e-06,5.62e-06,0,0.0508111314534334,0.0429182831800534,-0.0122894250235509,0.4004527926445007,0.5519722700119019,0,0.4004527926445007,0.5519722700119019,0
00:00:02:21.082,51,0.0,0.16086927,0.02054393,0.17488767,0.09641641,0.527298237694471,0.0,0.0,0.16142817,0.18524414,0.02994773,0.09126323,0.4715491469312826,0.0,0.00183233,0.00064863,0.00155483,0.11342652114492173,0.00580589,0.02037862,0.01399907,0.0009681,0.00010446,1.4525762958421204,1.4609482974087253,0.0042305666662436105,0.00431819999956818,0.0010988817528358801,0.0018339337117717202,0.0,0.0,0.00231131,0.00787126,0.00066943538464804,0.00370112,0.00517354,0.00754767,0.21049248,0.25946021,0.15397391,0.15810834,4.97e-06,0.00693066,0.13376383,0.09596577,0.06929734,0.00063715,4.30783783859e-06,6.129729730799999e-07,1.16e-06,4.97e-06,0,0.0484168592849743,0.0425498893024003,-0.0165495210850793,0.4000555574893951,0.5512757301330566,0,0.4000555574893951,0.5512757301330566,0
00:00:02:22.083,51,0.0,0.10762794,0.02003314,0.1641593,0.12980673,0.4604292866078349,0.0,0.0,0.10522887,0.16080508,0.03542296,0.13355702,0.4807159512043526,0.0,0.00211404,0.0007505,0.00084561,0.07202261948884194,0.00307602,0.02811892,0.0280824,0.00076526,0.0001662,1.3297909902949654,1.2891114871607834,0.00205823333312751,0.00231529999976847,0.0011363062889271603,0.0009742314435282,0.0,0.0,0.00173559,0.0046818,0.00047720846156174007,0.00464804,0.0050221,0.00577062,0.26897955,0.35402435,0.16896808,0.15243506,4.72e-06,0.00956198,0.11474406,0.13097844,0.07054061,0.00053146,4.103513514229999e-06,6.129729730799999e-07,1.61e-06,4.72e-06,0,0.0443283339913,0.0447683838823017,-0.0122032978445055,0.3983331322669983,0.550305187702179,0,0.3983331322669983,0.550305187702179,0
00:00:02:23.084,51,0.0,0.07680917,0.02156655,0.14882489,0.16445698,0.4345958435399885,0.0,0.0,0.07297765,0.14162114,0.03829223,0.17173216,0.4682570926598835,0.0,0.00197906,0.00069442,0.00095032,0.0700691536697299,0.00315048,0.02264232,0.01949324,0.00090138,0.00013908,1.258011714267954,1.2556836727015945,0.00344873333298846,0.0036563333329677,0.0010030438146690001,0.0010536179383922402,0.0,0.0,0.00239303,0.00583515,0.00072939000003558,0.00606203,0.00613336,0.00745453,0.24550818,0.31733182,0.16742955,0.16576433,5.45e-06,0.01041753,0.14191097,0.11722674,0.06815083,0.00054101,5.55081081178e-06,8.0027027041e-07,1.57e-06,5.45e-06,0,0.0338864578982687,0.0478507187139829,-0.0137302747553667,0.3976010382175445,0.5483246445655823,0,0.3976010382175445,0.5483246445655823,0
00:00:02:24.085,51,0.0,0.05684807,0.02213496,0.13950069,0.20965134,0.3892285490430982,0.0,0.0,0.05222566,0.13957822,0.03665761,0.22197622,0.4169335437129004,0.0,0.00182169,0.00083375,0.00093467,0.07688961767297775,0.00295439,0.02494926,0.02531831,0.00093638,0.00014648,1.2323332627006462,1.2788565216181982,0.00395003333293833,0.00418263333291507,0.00083352927854664,0.00092364680434104,0.0,0.0,0.00207477,0.00477474,0.00079194653850017,0.00679502,0.00561445,0.00714437,0.26578471,0.30952793,0.17450425,0.18098344,5.93e-06,0.01237126,0.146015,0.15888619,0.07047221,0.00053642,6.91297297418e-06,1.07270270289e-06,1.75e-06,5.93e-06,0,0.0383022023267752,0.0447096447482008,-0.0164088903903335,0.3976666331291199,0.5478515028953552,0,0.3976666331291199,0.5478515028953552,0
00:00:02:25.086,51,0.0,0.04676289,0.01441501,0.19041044,0.24090727,0.3935403657703034,0.0,0.0,0.04719334,0.17433758,0.03209216,0.24424726,0.47266135155793343,0.0,0.00129589,0.00098801,0.00136704,0.10121668968456207,0.00281011,0.05897974,0.06121153,0.00138559,0.00013114,1.4693762896982243,1.5837706769317852,0.00209743333312359,0.00212943333312039,0.0010273871136438001,0.0016990308251420402,0.0,0.0,0.00133534,0.00280248,0.00076766192311437,0.01050506,0.00304597,0.00569643,0.30035836,0.31678498,0.1848724,0.21084912,6.51e-06,0.01212379,0.16281886,0.12098414,0.06754113,0.00060697,5.92540540644e-06,4.7675675684e-07,1.55e-06,6.51e-06,0,0.0374769623692161,0.0479441678081198,-0.0191057543818772,0.3971233665943146,0.546654999256134,0,0.3971233665943146,0.546654999256134,0
00:00:02:26.087,51,0.0,0.03466757,0.01628258,0.17994474,0.3248311,0.4167356237840186,0.0,0.0,0.03462224,0.16761473,0.0322575,0.31369302,0.511492203882146,0.0,0.00113596,0.00170164,0.00172183,0.15103784570828643,0.00226026,0.03778676,0.04443842,0.0008245,0.00015456,1.5467879618700424,1.6461194680186544,0.0043418666662324796,0.00437346666622932,0.0016407541240974002,0.0027922657738528806,0.0,0.0,0.00151001,0.00211657,0.0014558153846864,0.0100743,0.00328694,0.00623405,0.38850942,0.37998745,0.18621376,0.2241641,6.74e-06,0.00841182,0.16052774,0.17184079,0.09098231,0.0008304,6.41918919031e-06,4.937837838699999e-07,1.57e-06,6.74e-06,0,0.057241958422739,0.048279873757081,-0.0181268596762774,0.3967869579792022,0.5461283326148987,0,0.3967869579792022,0.5461283326148987,0
00:00:02:27.088,51,0.0,0.04093824,0.01880322,0.16525611,0.30548471,0.43354978571050945,0.0,0.0,0.03686729,0.15416874,0.03462335,0.30972981,0.5335140428563815,0.0,0.00111349,0.00201229,0.00148743,0.1761382980838754,0.00185593,0.04402563,0.05061694,0.00071279,0.00015562,1.5587445564488411,1.6381775435605006,0.00520153333281318,0.00556509999944349,0.0018689449488933601,0.0027108865985760004,0.0,0.0,0.00106556,0.00177882,0.0009334596154301501,0.00855217,0.00262665,0.00483502,0.35504335,0.35252848,0.17691854,0.20370358,6.81e-06,0.01617554,0.12761676,0.12794915,0.05603202,0.00072972,6.197837838919999e-06,5.2783783793e-07,1.61e-06,6.81e-06,0,0.0672627456108667,0.0492646385244367,-0.019298842529979,0.3968916237354278,0.5459120869636536,0,0.3968916237354278,0.5459120869636536,0
00:00:02:28.089,51,0.0,0.03505491,0.01752502,0.17318027,0.34412694,0.4252242892668602,0.0,0.0,0.02945134,0.16482562,0.03237956,0.35218382,0.5405903489082163,0.0,0.0012447,0.00173098,0.00149205,0.16679476426124426,0.00173551,0.04996243,0.06013833,0.00068621,0.00016054,1.5191891875315724,1.5690152107866078,0.00486219999951378,0.00555626666611104,0.00203101453656036,0.0023454900005518806,0.0,0.0,0.00099834,0.0014554,0.00087008307696552,0.00863021,0.00249629,0.00414677,0.35686469,0.38213405,0.20664954,0.22537108,6.47e-06,0.01622248,0.13704209,0.10540646,0.04916449,0.00066882,6.334054055159999e-06,5.2783783793e-07,1.73e-06,6.47e-06,0,0.0750762004977165,0.0483753354664415,-0.0197267477324172,0.3971235454082489,0.54578697681427,0,0.3971235454082489,0.54578697681427,0
00:00:02:29.090,51,0.0,0.03643408,0.01781277,0.16941963,0.3233152,0.40749006951092603,0.0,0.0,0.03292435,0.15919076,0.03317069,0.32441252,0.5384028204378432,0.0,0.0011759,0.00139137,0.00209341,0.1626317089865346,0.00238662,0.03123209,0.0357259,0.00092467,0.00012293,1.5472070022315052,1.6544741905491143,0.006159233332717411,0.00643219999935678,0.0016647030931752002,0.0026584091758832403,0.0,0.0,0.0015942,0.00233664,0.00145427000007094,0.00850004,0.00334565,0.00637723,0.35029119,0.3630555,0.18358344,0.21551949,7.12e-06,0.01092244,0.16666882,0.14276217,0.06303511,0.00076889,7.0321621633900005e-06,6.300000001099999e-07,1.55e-06,7.12e-06,0,0.0571675432946818,0.0485515307101619,-0.0198577291491757,0.3969758450984955,0.547804594039917,0,0.3969758450984955,0.547804594039917,0
00:00:03:00.091,51,0.0,0.06354111,0.02192987,0.15730239,0.21646029,0.4731434841203481,0.0,0.0,0.06040119,0.15147027,0.03776067,0.22970463,0.5499681086973607,0.0,0.00144393,0.00089,0.00150504,0.12220365060364675,0.00289122,0.05318414,0.05781172,0.00077707,0.00017452,1.453726182468673,1.519754791146053,0.00260786666640588,0.00290989999970901,0.0011525474229516003,0.00125899546421376,0.0,0.0,0.00098054,0.00233545,0.00050248653848605,0.00596681,0.00264291,0.00451427,0.27292788,0.32427746,0.17012993,0.18766136,5.68e-06,0.01126955,0.13896526,0.15045132,0.06595718,0.00054421,5.34648648742e-06,5.4486486496e-07,1.58e-06,5.68e-06,0,0.0594719757385991,0.0534590901842968,-0.0191339357480872,0.3973216116428375,0.5505645275115967,0,0.3973216116428375,0.5505645275115967,0
00:00:03:01.092,51,0.0,0.31763035,0.03649477,0.1277305,0.04828142,0.5261212154521433,0.0,0.0,0.31794807,0.14499566,0.03719459,0.047006,0.5292920419655008,0.0,0.00204137,0.0004432,0.00254852,0.11450224041816125,0.00575771,0.03023566,0.02198606,0.00042275,0.00023913,1.4343195700582463,1.4460103333117331,0.00260103333307323,0.0026593333330674,0.00106987484561256,0.0017229114437043603,0.0,0.0,0.00163775,0.00626709,0.00038981538463439997,0.00280639,0.00443725,0.00686344,0.21443538,0.28326449,0.11499809,0.12893978,3.75e-06,0.00413911,0.12570031,0.15053925,0.10811125,0.00056775,3.37135135194e-06,5.2783783793e-07,1.24e-06,3.75e-06,0,0.0469493146732749,0.0505237294972056,-0.0116441023716159,0.3982607126235962,0.5572060346603394,0,0.3982607126235962,0.5572060346603394,0
00:00:03:02.093,51,0.0,0.35480639,0.02433882,0.18270975,0.04111149,0.523893267052933,0.0,0.0,0.36043295,0.19847707,0.02436712,0.03871422,0.568890808880679,0.0,0.00237187,0.00012219,0.0041346,0.058971306573536116,0.00406943,0.03059258,0.02425626,0.00021618,0.00055509,1.189685349807348,1.1244649632986756,0.00318396666634827,0.00280253333305308,0.0006721063919107201,0.001283806701333,0.0,0.0,0.00193093,0.00603952,0.0005270865384872501,0.0045384,0.00547959,0.00775005,0.1819969,0.24918985,0.20392706,0.24591045,2.74e-06,0.00612203,0.09431902,0.2087139,0.09227613,0.00050096,2.77540540589e-06,6.6405405417e-07,1.53e-06,2.74e-06,0,0.0489489662426605,0.0489253601993493,-0.0164030437336777,0.3992348313331604,0.5585244297981262,0,0.3992348313331604,0.5585244297981262,0
00:00:03:03.094,51,0.0,0.17075293,0.03094197,0.13697287,0.09640121,0.5338586771981165,0.0,0.0,0.16059642,0.1449094,0.04122458,0.10417089,0.5482756442840678,0.0,0.00276082,0.00023794,0.00160253,0.052641238388703625,0.00375039,0.0251439,0.02140041,0.00039234,0.00026533,1.1180968552261277,0.9439400020865253,0.00719346666594732,0.00686289999931371,0.0006536044331434801,0.00076222917543708,0.0,0.0,0.00235819,0.00655484,0.00077406423080699,0.00477847,0.0062091,0.00553654,0.16973376,0.230463,0.25340635,0.25253147,4.01e-06,0.00977883,0.09385186,0.13495505,0.06688668,0.00046846,6.0956756767399995e-06,9.705405407100001e-07,1.48e-06,4.01e-06,0,0.0418536404805201,0.05672040102843,-0.0139699928568351,0.3993945121765136,0.5562063455581665,0,0.3993945121765136,0.5562063455581665,0
00:00:03:04.095,51,0.0,0.11646518,0.04139278,0.1068273,0.12197319,0.49732163982117567,0.0,0.0,0.1161432,0.0929312,0.06224851,0.1286606,0.5110189512129722,0.0,0.00235527,0.00014508,0.00138716,0.03012372110525372,0.00228213,0.03830588,0.04204595,0.00039034,0.00038557,1.1050834149846354,0.9250311588327453,0.0032959999996704,0.0035427666663123904,0.0007067495877951601,0.0004987537114575601,0.0,0.0,0.00159518,0.00426367,0.00062291615387654,0.00629118,0.00540317,0.00444563,0.140141,0.17679438,0.27686411,0.25646672,4.24e-06,0.01307947,0.10946469,0.09295125,0.07172331,0.00033833,5.32945946039e-06,8.6837837853e-07,1.7e-06,4.24e-06,0,0.0300297336326388,0.0582677731933485,-0.017574473160016,0.3986805975437164,0.5548886656761169,0,0.3986805975437164,0.5548886656761169,0
00:00:03:05.096,51,0.0,0.09085499,0.02807049,0.13076283,0.14297557,0.4773765028048263,0.0,0.0,0.09077501,0.11644013,0.048336,0.14883378,0.4902011424881894,0.0,0.00237663,0.00018236,0.00103686,0.02725488055843306,0.00191675,0.03591678,0.03718851,0.00048453,0.00031522,0.9680597089549746,0.8132999030450755,0.003823333332951,0.00415139999958486,0.0007313137115122801,0.0004951469073330001,0.0,0.0,0.00163359,0.00385942,0.00071224884618859,0.00818119,0.00606853,0.00488212,0.1443855,0.17755817,0.29198295,0.27639517,4.72e-06,0.01712302,0.09514234,0.11345634,0.066581,0.00034497,6.044594595649999e-06,1.05567567586e-06,2.04e-06,4.72e-06,0,0.0445018711205638,0.062400370179834,-0.0207604266511928,0.399666428565979,0.5531430244445801,0,0.399666428565979,0.5531430244445801,0
00:00:03:06.097,51,0.0,0.08258845,0.02628251,0.13823961,0.15769684,0.4758162919502899,0.0,0.0,0.0829498,0.11996245,0.04835251,0.16294222,0.5251864485479628,0.0,0.00233199,0.00019399,0.00113834,0.03312352147031856,0.00224515,0.03689742,0.03299741,0.00034109,0.00040379,0.9498767038939954,0.8097075249726404,0.0041669666662499695,0.00447559999955244,0.00070454659810392,0.00051816000012192,0.0,0.0,0.00179511,0.00400924,0.00068476307695648,0.00804933,0.00592503,0.00525233,0.14405909,0.16880642,0.24686392,0.23755667,5.21e-06,0.01878379,0.09054006,0.0988248,0.06530739,0.00036412,6.674594595759999e-06,1.05567567586e-06,1.68e-06,5.21e-06,0,0.0422905454153331,0.068388474955934,-0.021888978493143,0.3999864161014557,0.5520809292793274,0,0.3999864161014557,0.5520809292793274,0
00:00:03:07.098,51,0.0,0.05760476,0.02879056,0.12885213,0.19855402,0.4330345837530675,0.0,0.0,0.05710814,0.10744884,0.05343443,0.20991199,0.4829056736249044,0.0,0.00222079,0.00017029,0.00113926,0.03192292474247412,0.00224152,0.03479489,0.03615859,0.00071675,0.00021282,0.836800127985789,0.7393405728011083,0.0062983333327035,0.00640189999935981,0.0006768068042829601,0.0006572848455154801,0.0,0.0,0.00200727,0.00290655,0.0009427950000459901,0.01019941,0.00611817,0.00561077,0.14436494,0.16089304,0.31859961,0.33396956,4.5e-06,0.01468034,0.13511482,0.08127717,0.06490031,0.00034236,7.61108108241e-06,1.07270270289e-06,1.95e-06,4.5e-06,0,0.0332677124548515,0.0648772383593945,-0.0211487727806047,0.3999776542186737,0.5508726835250854,0,0.3999776542186737,0.5508726835250854,0
00:00:03:08.099,51,0.0,0.05428552,0.02681006,0.13194723,0.20840816,0.4476799698782298,0.0,0.0,0.05237609,0.11212668,0.04979244,0.21719997,0.47748799390806085,0.0,0.00233677,0.0001856,0.00148104,0.04246619238385836,0.00279361,0.0277317,0.02540507,0.00062917,0.00021033,0.8099542496714457,0.7092099449685594,0.0073314333326001905,0.00766769999923323,0.0008450542270029601,0.0007406093816175601,0.0,0.0,0.00264405,0.00373166,0.0012261996154444299,0.00971426,0.00729458,0.00674745,0.16177502,0.19058996,0.3444857,0.34287405,5.24e-06,0.0151729,0.13042876,0.0793791,0.05882464,0.00041558,8.29216216361e-06,1.2600000002199999e-06,1.84e-06,5.24e-06,0,0.0334790650982371,0.0638098328963874,-0.0209762592101406,0.4002623260021209,0.5501121878623962,0,0.4002623260021209,0.5501121878623962,0
00:00:03:09.100,51,0.0,0.08298087,0.01976473,0.16198315,0.1440738,0.4245526442488755,0.0,0.0,0.07977603,0.14918913,0.03861911,0.1570954,0.4814710303860621,0.0,0.00238739,0.0003284,0.00091155,0.045469971294379644,0.00250523,0.03266216,0.02883018,0.00093793,0.00015268,0.8322765807566895,0.7557540668981604,0.0056510999994348905,0.00623843333270949,0.0010467565981844402,0.0008795554641244801,0.0,0.0,0.00212414,0.00277646,0.00097807076927848,0.01036139,0.00619638,0.00611373,0.17553824,0.21275054,0.35378474,0.35403362,4.93e-06,0.01118736,0.20282274,0.07096345,0.04928913,0.00038652,8.46243243391e-06,1.08972972992e-06,1.81e-06,4.93e-06,0,0.0421103256674514,0.0622419262341611,-0.0190901268006655,0.4010246694087982,0.5504746437072754,0,0.4010246694087982,0.5504746437072754,0
00:00:03:10.101,51,0.0,0.09901658,0.02528421,0.13846804,0.12564799,0.4544973577805248,0.0,0.0,0.10093988,0.1266675,0.04627201,0.1320345,0.4702637803828742,0.0,0.0023268,0.00020799,0.00170396,0.06308551584822254,0.00301223,0.04871373,0.03420781,0.00059779,0.00023104,0.7657078360551911,0.7161210372579967,0.004154466666251221,0.004508866666215781,0.00135622144361808,0.00113110639201872,0.0,0.0,0.00158977,0.00209208,0.00060402461541408,0.00999672,0.00558082,0.00617019,0.15145227,0.1698962,0.26720029,0.2892701,4.61e-06,0.01103609,0.18823013,0.06561875,0.0452084,0.000353,6.6405405417e-06,9.5351351368e-07,1.7e-06,4.61e-06,0,0.0442217607122899,0.063492261064994,-0.0186651478804748,0.401343822479248,0.5506035089492798,0,0.401343822479248,0.5506035089492798,0
00:00:03:11.102,51,0.0,0.0921519,0.03659862,0.10315198,0.1350822,0.41517202591880514,0.0,0.0,0.08590668,0.1037269,0.04796057,0.16209002,0.5380496024662125,0.0,0.00204642,0.00020314,0.00233786,0.07368142476235913,0.00288831,0.06901447,0.02987821,0.00037147,0.00033785,0.7248633988246167,0.7170772467761077,0.00241056666642561,0.00291729999970827,0.00231198773250276,0.00140329917558792,0.0,0.0,0.00121598,0.00210061,0.00031517961539999,0.01228213,0.00605073,0.0077841,0.13682152,0.1569075,0.1521479,0.16926585,5.05e-06,0.01968134,0.11525993,0.05782174,0.02837983,0.00029274,4.852702703549999e-06,8.0027027041e-07,1.68e-06,5.05e-06,0,0.0494716139873354,0.071047564166886,-0.0172645656470198,0.4020189642906189,0.5481041669845581,0,0.4020189642906189,0.5481041669845581,0
00:00:03:12.103,51,0.0,0.08922775,0.03273964,0.10878302,0.13142675,0.43519662556862915,0.0,0.0,0.08344448,0.11322362,0.04033928,0.15089253,0.5446147101193255,0.0,0.00133804,0.0003316,0.00218905,0.10184542968486146,0.00441697,0.07655884,0.01662502,0.00017891,0.00078034,0.24303719109420685,0.20682446121321824,0.00074136666659253,0.00107563333322577,0.0073699731976104,0.0012514663920470401,0.0,0.0,0.00109716,0.00242267,0.00021930269231839,0.01145402,0.0116929,0.00747478,0.08074407,0.11290514,0.05162089,0.04723353,4.12e-06,0.01203419,0.12526402,0.09396963,0.05140032,0.00024517,2.60513513559e-06,4.7675675684e-07,1.39e-06,4.12e-06,0,0.0405975627258831,0.0726625974364189,-0.0175873035054031,0.4025683999061584,0.5485540628433228,0,0.4025683999061584,0.5485540628433228,0
00:00:03:13.104,51,0.0,0.13542177,0.05233866,0.08487638,0.0900389,0.40711484798057024,0.0,0.0,0.12523617,0.07302756,0.05900984,0.10576809,0.5466423124330694,0.0,0.00111281,0.00021482,0.00262346,0.07173822985234288,0.00427122,0.19593272,0.04676913,0.00027957,0.00103349,0.046622684580206554,0.0396698662666712,0.0001259999999874,0.00018459999998154,0.008611018764912722,0.0021969748458777606,0.0,0.0,0.0008843,0.00266602,8.368730769639e-05,0.0040303,0.00774505,0.00568935,0.05554235,0.07868628,0.01430241,0.01194321,1.83e-06,0.01661967,0.09398565,0.13198225,0.04940894,0.00011195,1.1918918920999999e-06,3.2351351357e-07,9.8e-07,1.83e-06,0,0.0321823794511306,0.0740230819641943,-0.0147279947943013,0.4020884335041046,0.5481172800064087,0,0.4020884335041046,0.5481172800064087,0
00:00:03:14.105,51,0.0,0.16306707,0.03035498,0.11406253,0.06761058,0.3771110018866266,0.0,0.0,0.1540436,0.11627229,0.03785325,0.07968316,0.5085936994329229,0.0,0.00057184,0.00018065,0.00554663,0.09469876313600374,0.00418174,0.21221885,0.08874477,0.00019513,0.00190357,0.008299301446120158,0.0057993951809584,0.00017286666664938002,0.00017083333331625,0.004733993506268521,0.00312673113475632,0.0,0.0,0.00165702,0.00389039,0.00022988384616506,0.00604097,0.00465166,0.00413825,0.03248425,0.037373,0.0118448,0.01188234,9.6e-07,0.00681349,0.16784196,0.18810318,0.0604676,7.478e-05,1.1918918920999999e-06,2.0432432435999997e-07,6.5e-07,9.6e-07,0,0.0428412620575191,0.0728486379030614,-0.0108421121009092,0.4035494029521942,0.5491397976875305,0,0.4035494029521942,0.5491397976875305,0
